,file,directory,label,output
0,The_Conjuring_100.5-101.0_0.mp4,./video/,0,Negative
1,Family_Guy_320-330_1.mp4,./extra_vid2/cut_Vlad/,1,Negative
2,Insidious_66.5-67.0_0.mp4,./video/,0,Negative
3,pos_hero1801.mp4,./video/,1,Negative
4,Family_Guy_50-60_1.mp4,./extra_vid2/cut_Vlad/,1,Negative
5,pos_hero8901.mp4,./video/,1,Negative
6,Family_Guy_1030-1040_1.mp4,./extra_vid2/cut_Vlad/,1,Slight Negative
7,Conjuring2_91.5-92.0_0.mp4,./extra_vid/,0,Negative
8,Vlad_1240-1250_1.mp4,./extra_vid2/cut_Vlad/,1,Positive
9,Vlad_420-430_1.mp4,./extra_vid2/cut_Vlad/,1,Positive
10,Vlad_970-980_1.mp4,./extra_vid2/cut_Vlad/,1,Positive
11,Family_Guy_930-940_1.mp4,./extra_vid2/cut_Vlad/,1,Slight Negative
12,SAW_V_34.5-35.0_0.mp4,./video/,0,Negative
13,Conjuring2_6.0-6.5_0.mp4,./extra_vid/,0,Negative
14,Family_Guy_2350-2360_1.mp4,./extra_vid2/cut_Vlad/,1,Negative
15,Vlad_570-580_1.mp4,./extra_vid2/cut_Vlad/,1,Positive
16,Vlad_720-730_1.mp4,./extra_vid2/cut_Vlad/,1,Positive
17,Vlad_180-190_1.mp4,./extra_vid2/cut_Vlad/,1,Positive
18,Vlad_220-230_1.mp4,./extra_vid2/cut_Vlad/,1,Positive
19,Tom_And_Jerry_52.0-52.5_1.mp4,./video/,1,Negative
20,Conjuring2_90.5-91.0_0.mp4,./extra_vid/,0,Negative
21,The_Conjuring_52.5-53.0_0.mp4,./video/,0,Negative
22,0platform_spanish9600.mp4,./video/,0,Negative
23,Tom_And_Jerry_35.5-36.0_1.mp4,./video/,1,Negative
24,The_Conjuring_73.0-73.5_1_0.mp4,./video/,0,Negative
25,Conjuring2_23.5-24.0_0.mp4,./extra_vid/,0,Negative
26,Tom_And_Jerry_19.0-19.5_1.mp4,./video/,1,Negative
27,Vlad_1110-1120_1.mp4,./extra_vid2/cut_Vlad/,1,Positive
28,pos_hero14601.mp4,./video/,1,Negative
29,Family_Guy_210-220_1.mp4,./extra_vid2/cut_Vlad/,1,Slight Negative
30,Condor_Hero2_14.5-15.0_1.mp4,./extra_vid/,1,Negative
31,Family_Guy_2170-2180_1.mp4,./extra_vid2/cut_Vlad/,1,Slight Negative
32,SAW_V_44.5-45.0_0.mp4,./video/,0,Negative
33,Condor_Hero1_12.0-12.5_1.mp4,./extra_vid/,1,Negative
34,0some_saw_scene12000.mp4,./video/,0,Negative
35,Family_Guy_220-230_1.mp4,./extra_vid2/cut_Vlad/,1,Slight Negative
36,Family_Guy_580-590_1.mp4,./extra_vid2/cut_Vlad/,1,Slight Negative
37,Family_Guy_870-880_1.mp4,./extra_vid2/cut_Vlad/,1,Slight Negative
38,Family_Guy_1730-1740_1.mp4,./extra_vid2/cut_Vlad/,1,Slight Negative
39,Conjuring2_98.5-99.0_0.mp4,./extra_vid/,0,Negative
40,Family_Guy_1860-1870_1.mp4,./extra_vid2/cut_Vlad/,1,Negative
41,Conjuring2_106.0-106.5_0.mp4,./extra_vid/,0,Negative
42,Barbie_25.5-26.0_1.mp4,./video/,1,Positive
43,Conjuring2_47.5-48.0_0.mp4,./extra_vid/,0,Negative
44,SAW_VI_7.5-8.0_0.mp4,./video/,0,Negative
45,Halloween_86.5-87.0_0.mp4,./extra_vid/,0,Negative
46,pos_hero16301.mp4,./video/,1,Negative
47,Insidious_9.0-9.5_1_0.mp4,./video/,0,Negative
48,SAW_V_9.5-10.0_0.mp4,./video/,0,Negative
49,Tom_And_Jerry_12.0-12.5_1.mp4,./video/,1,Negative
50,SAW_V_24.0-24.5_0.mp4,./video/,0,Negative
51,0some_saw_scene3200.mp4,./video/,0,Negative
52,Insidious_87.0-87.5_0.mp4,./video/,0,Negative
53,Tom_And_Jerry_64.0-64.5_1.mp4,./video/,1,Slight Negative
54,Vlad_630-640_1.mp4,./extra_vid2/cut_Vlad/,1,Positive
55,Condor_Hero1_13.0-13.5_1.mp4,./extra_vid/,1,Slight Negative
56,Barbie_80.0-80.5_1.mp4,./video/,1,Positive
57,Family_Guy_1780-1790_1.mp4,./extra_vid2/cut_Vlad/,1,Slight Negative
58,0civil_war20000.mp4,./video/,0,Negative
59,Tom_And_Jerry_48.0-48.5_1.mp4,./video/,1,Negative
60,Vlad_560-570_1.mp4,./extra_vid2/cut_Vlad/,1,Positive
61,Family_Guy_1590-1600_1.mp4,./extra_vid2/cut_Vlad/,1,Slight Negative
62,The_Conjuring_97.0-97.5_0.mp4,./video/,0,Negative
63,The_Conjuring_12.0-12.5_0.mp4,./video/,0,Negative
64,Vlad_800-810_1.mp4,./extra_vid2/cut_Vlad/,1,Positive
65,Family_Guy_1950-1960_1.mp4,./extra_vid2/cut_Vlad/,1,Slight Negative
66,Family_Guy_1280-1290_1.mp4,./extra_vid2/cut_Vlad/,1,Slight Negative
67,Family_Guy_300-310_1.mp4,./extra_vid2/cut_Vlad/,1,Negative
68,Family_Guy_750-760_1.mp4,./extra_vid2/cut_Vlad/,1,Slight Negative
69,pos_hero11101.mp4,./video/,1,Negative
70,0platform_spanish32000.mp4,./video/,0,Negative
71,The_Conjuring_81.5-82.0_0.mp4,./video/,0,Negative
72,SAW_V_52.5-53.0_0.mp4,./video/,0,Negative
73,Conjuring2_98.0-98.5_0.mp4,./extra_vid/,0,Negative
74,Tom_And_Jerry_28.0-28.5_1.mp4,./video/,1,Negative
75,Family_Guy_1050-1060_1.mp4,./extra_vid2/cut_Vlad/,1,Slight Negative
76,Family_Guy_590-600_1.mp4,./extra_vid2/cut_Vlad/,1,Slight Negative
77,Vlad_90-100_1.mp4,./extra_vid2/cut_Vlad/,1,Slight Negative
78,Family_Guy_460-470_1.mp4,./extra_vid2/cut_Vlad/,1,Slight Negative
79,SAW_V_26.5-27.0_0.mp4,./video/,0,Negative
80,SAW_V_62.5-63.0_0.mp4,./video/,0,Negative
81,Family_Guy_1880-1890_1.mp4,./extra_vid2/cut_Vlad/,1,Slight Negative
82,Family_Guy_1370-1380_1.mp4,./extra_vid2/cut_Vlad/,1,Slight Negative
83,pos_hero14101.mp4,./video/,1,Negative
84,Halloween_94.5-95.0_0.mp4,./extra_vid/,0,Negative
85,Vlad_200-210_1.mp4,./extra_vid2/cut_Vlad/,1,Slight Negative
86,Conjuring2_20.5-21.0_0.mp4,./extra_vid/,0,Negative
87,Vlad_40-50_1.mp4,./extra_vid2/cut_Vlad/,1,Positive
88,SAW_VI_12.5-13.0_0.mp4,./video/,0,Negative
89,Vlad_770-780_1.mp4,./extra_vid2/cut_Vlad/,1,Positive
90,Family_Guy_1170-1180_1.mp4,./extra_vid2/cut_Vlad/,1,Slight Negative
91,Insidious_63.5-64.0_0.mp4,./video/,0,Negative
92,Family_Guy_140-150_1.mp4,./extra_vid2/cut_Vlad/,1,Slight Negative
93,Vlad_1230-1240_1.mp4,./extra_vid2/cut_Vlad/,1,Slight Negative
94,Conjuring2_44.5-45.0_0.mp4,./extra_vid/,0,Negative
95,Conjuring2_46.0-46.5_0.mp4,./extra_vid/,0,Negative
96,Conjuring2_114.5-115.0_0.mp4,./extra_vid/,0,Negative
97,Barbie_47.5-48.0_1.mp4,./video/,1,Negative
98,SAW_V_52.0-52.5_0.mp4,./video/,0,Negative
99,0some_saw_scene15200.mp4,./video/,0,Negative
100,Family_Guy_1830-1840_1.mp4,./extra_vid2/cut_Vlad/,1,Slight Negative
101,Barbie_61.0-61.5_1.mp4,./video/,1,Slight Negative
102,SAW_VI_81.0-81.5_0.mp4,./video/,0,Negative
103,The_Conjuring_24.5-25.0_0.mp4,./video/,0,Negative
104,0civil_war100000.mp4,./video/,0,Negative
105,SAW_VI_53.5-54.0_0.mp4,./video/,0,Negative
106,Conjuring2_93.5-94.0_0.mp4,./extra_vid/,0,Negative
107,Family_Guy_1180-1190_1.mp4,./extra_vid2/cut_Vlad/,1,Slight Negative
108,pos_hero18701.mp4,./video/,1,Negative
109,Conjuring2_39.5-40.0_0.mp4,./extra_vid/,0,Negative
110,Condor_Hero1_13.5-14.0_1.mp4,./extra_vid/,1,Negative
111,Tom_And_Jerry_33.5-34.0_1.mp4,./video/,1,Slight Negative
112,SAW_V_74.5-75.0_0.mp4,./video/,0,Negative
113,Barbie_7.5-8.0_1.mp4,./video/,1,Positive
114,Barbie_51.5-52.0_1.mp4,./video/,1,Negative
115,Family_Guy_2330-2340_1.mp4,./extra_vid2/cut_Vlad/,1,Slight Negative
116,Halloween_8.5-9.0_0.mp4,./extra_vid/,0,Negative
117,Family_Guy_1200-1210_1.mp4,./extra_vid2/cut_Vlad/,1,Slight Negative
118,Vlad_30-40_1.mp4,./extra_vid2/cut_Vlad/,1,Positive
119,Tom_And_Jerry_28.5-29.0_1.mp4,./video/,1,Negative
120,pos_hero10901.mp4,./video/,1,Negative
121,Insidious_77.0-77.5_0.mp4,./video/,0,Negative
122,Vlad_620-630_1.mp4,./extra_vid2/cut_Vlad/,1,Slight Negative
123,pos_hero18101.mp4,./video/,1,Negative
124,Barbie_73.5-74.0_1.mp4,./video/,1,Negative
125,Family_Guy_350-360_1.mp4,./extra_vid2/cut_Vlad/,1,Slight Negative
126,Family_Guy_20-30_1.mp4,./extra_vid2/cut_Vlad/,1,Slight Negative
127,SAW_VI_49.5-50.0_1.mp4,./video/,1,Negative
128,Conjuring2_48.5-49.0_0.mp4,./extra_vid/,0,Negative
129,SAW_VI_63.0-63.5_0.mp4,./video/,0,Negative
130,Barbie_84.5-85.0_1.mp4,./video/,1,Slight Negative
131,Tom_And_Jerry_52.5-53.0_1.mp4,./video/,1,Slight Negative
132,The_Conjuring_52.0-52.5_1_0.mp4,./video/,0,Negative
133,Family_Guy_2370-2380_1.mp4,./extra_vid2/cut_Vlad/,1,Slight Negative
134,Vlad_760-770_1.mp4,./extra_vid2/cut_Vlad/,1,Positive
135,The_Conjuring_79.0-79.5_1_0.mp4,./video/,0,Negative
136,Vlad_50-60_1.mp4,./extra_vid2/cut_Vlad/,1,Positive
137,Insidious_69.0-69.5_0.mp4,./video/,0,Negative
138,Conjuring2_6.5-7.0_0.mp4,./extra_vid/,0,Negative
139,Barbie_38.5-39.0_1.mp4,./video/,1,Slight Negative
140,Barbie_87.0-87.5_1.mp4,./video/,1,Negative
141,0platform_spanish8800.mp4,./video/,0,Negative
142,Conjuring2_36.0-36.5_0.mp4,./extra_vid/,0,Negative
143,Family_Guy_2000-2010_1.mp4,./extra_vid2/cut_Vlad/,1,Negative
144,Vlad_890-900_1.mp4,./extra_vid2/cut_Vlad/,1,Slight Negative
145,pos_hero19601.mp4,./video/,1,Negative
146,The_Conjuring_97.5-98.0_0.mp4,./video/,0,Negative
147,Family_Guy_630-640_1.mp4,./extra_vid2/cut_Vlad/,1,Negative
148,pos_hero19701.mp4,./video/,1,Negative
149,0some_saw_scene8800.mp4,./video/,0,Negative
150,Vlad_310-320_1.mp4,./extra_vid2/cut_Vlad/,1,Negative
151,Family_Guy_1790-1800_1.mp4,./extra_vid2/cut_Vlad/,1,Slight Negative
152,The_Conjuring_57.0-57.5_0.mp4,./video/,0,Negative
153,Conjuring2_25.5-26.0_0.mp4,./extra_vid/,0,Negative
154,0platform_spanish120000.mp4,./video/,0,Negative
155,Tom_And_Jerry_60.5-61.0_1.mp4,./video/,1,Negative
156,Family_Guy_710-720_1.mp4,./extra_vid2/cut_Vlad/,1,Slight Negative
157,pos_hero3301.mp4,./video/,1,Slight Negative
158,Barbie_49.5-50.0_1.mp4,./video/,1,Slight Negative
159,SAW_V_41.5-42.0_0.mp4,./video/,0,Negative
160,Insidious_28.0-28.5_0.mp4,./video/,0,Negative
161,Family_Guy_720-730_1.mp4,./extra_vid2/cut_Vlad/,1,Slight Negative
162,The_Conjuring_6.0-6.5_0.mp4,./video/,0,Negative
163,Conjuring2_120.0-120.5_0.mp4,./extra_vid/,0,Negative
164,SAW_VI_71.5-72.0_0.mp4,./video/,0,Negative
165,Vlad_440-450_1.mp4,./extra_vid2/cut_Vlad/,1,Positive
166,0some_saw_scene7200.mp4,./video/,0,Negative
167,SAW_V_68.0-68.5_0.mp4,./video/,0,Negative
168,Insidious_41.0-41.5_0.mp4,./video/,0,Negative
169,pos_hero15701.mp4,./video/,1,Negative
170,pos_hero12001.mp4,./video/,1,Negative
171,pos_hero3601.mp4,./video/,1,Negative
172,Vlad_1210-1220_1.mp4,./extra_vid2/cut_Vlad/,1,Positive
173,Family_Guy_1020-1030_1.mp4,./extra_vid2/cut_Vlad/,1,Slight Negative
174,Tom_And_Jerry_20.0-20.5_1.mp4,./video/,1,Slight Negative
175,pos_hero3801.mp4,./video/,1,Negative
176,SAW_VI_39.5-40.0_0.mp4,./video/,0,Negative
177,Family_Guy_1240-1250_1.mp4,./extra_vid2/cut_Vlad/,1,Slight Negative
178,Vlad_210-220_1.mp4,./extra_vid2/cut_Vlad/,1,Positive
179,Romance_Condor_7.0-7.5_1.mp4,./extra_vid/,1,Negative
180,SAW_V_55.5-56.0_0.mp4,./video/,0,Negative
181,Vlad_0-10_1.mp4,./extra_vid2/cut_Vlad/,1,Positive
182,Family_Guy_1690-1700_1.mp4,./extra_vid2/cut_Vlad/,1,Slight Negative
183,Family_Guy_240-250_1.mp4,./extra_vid2/cut_Vlad/,1,Slight Negative
184,SAW_VI_38.5-39.0_0.mp4,./video/,0,Negative
185,Family_Guy_1160-1170_1.mp4,./extra_vid2/cut_Vlad/,1,Slight Negative
186,Romance_Condor_9.0-9.5_1.mp4,./extra_vid/,1,Slight Negative
187,pos_hero21601.mp4,./video/,1,Negative
188,pos_hero19401.mp4,./video/,1,Negative
189,Family_Guy_2100-2110_1.mp4,./extra_vid2/cut_Vlad/,1,Slight Negative
190,Barbie_70.5-71.0_1.mp4,./video/,1,Negative
191,Conjuring2_122.0-122.5_0.mp4,./extra_vid/,0,Negative
192,Family_Guy_2280-2290_1.mp4,./extra_vid2/cut_Vlad/,1,Negative
193,Tom_And_Jerry_17.0-17.5_1.mp4,./video/,1,Negative
194,Barbie_77.5-78.0_1.mp4,./video/,1,Negative
195,SAW_VI_57.0-57.5_0.mp4,./video/,0,Negative
196,Tom_And_Jerry_7.5-8.0_1.mp4,./video/,1,Negative
197,Vlad_930-940_1.mp4,./extra_vid2/cut_Vlad/,1,Positive
198,Family_Guy_700-710_1.mp4,./extra_vid2/cut_Vlad/,1,Slight Negative
199,The_Conjuring_33.0-33.5_0.mp4,./video/,0,Negative
200,Conjuring2_8.0-8.5_0.mp4,./extra_vid/,0,Negative
201,Tom_And_Jerry_25.0-25.5_1.mp4,./video/,1,Negative
202,SAW_V_31.0-31.5_0.mp4,./video/,0,Negative
203,Family_Guy_10-20_1.mp4,./extra_vid2/cut_Vlad/,1,Negative
204,Barbie_27.0-27.5_1.mp4,./video/,1,Positive
205,Condor_Hero1_11.0-11.5_1.mp4,./extra_vid/,1,Negative
206,Family_Guy_510-520_1.mp4,./extra_vid2/cut_Vlad/,1,Slight Negative
207,Family_Guy_1630-1640_1.mp4,./extra_vid2/cut_Vlad/,1,Slight Negative
208,Family_Guy_610-620_1.mp4,./extra_vid2/cut_Vlad/,1,Negative
209,Family_Guy_1680-1690_1.mp4,./extra_vid2/cut_Vlad/,1,Slight Negative
210,Tom_And_Jerry_15.5-16.0_1.mp4,./video/,1,Negative
211,Vlad_370-380_1.mp4,./extra_vid2/cut_Vlad/,1,Slight Negative
212,0some_saw_scene11200.mp4,./video/,0,Negative
213,Vlad_680-690_1.mp4,./extra_vid2/cut_Vlad/,1,Positive
214,Conjuring2_96.0-96.5_0.mp4,./extra_vid/,0,Negative
215,pos_hero1501.mp4,./video/,1,Negative
216,Tom_And_Jerry_76.0-76.5_1.mp4,./video/,1,Negative
217,Family_Guy_1620-1630_1.mp4,./extra_vid2/cut_Vlad/,1,Slight Negative
218,Tom_And_Jerry_16.0-16.5_1.mp4,./video/,1,Slight Negative
219,Barbie_25.0-25.5_1.mp4,./video/,1,Slight Negative
220,Family_Guy_1070-1080_1.mp4,./extra_vid2/cut_Vlad/,1,Slight Negative
221,Conjuring2_118.5-119.0_0.mp4,./extra_vid/,0,Negative
222,Romance_Condor_9.5-10.0_1.mp4,./extra_vid/,1,Negative
223,Family_Guy_1970-1980_1.mp4,./extra_vid2/cut_Vlad/,1,Negative
224,Halloween_84.5-85.0_0.mp4,./extra_vid/,0,Negative
225,Tom_And_Jerry_55.5-56.0_1.mp4,./video/,1,Negative
226,Conjuring2_55.5-56.0_0.mp4,./extra_vid/,0,Negative
227,Vlad_340-350_1.mp4,./extra_vid2/cut_Vlad/,1,Slight Negative
228,pos_hero16701.mp4,./video/,1,Negative
229,Conjuring2_58.0-58.5_0.mp4,./extra_vid/,0,Negative
230,pos_hero15001.mp4,./video/,1,Negative
231,Barbie_11.5-12.0_1.mp4,./video/,1,Positive
232,Condor_Hero2_31.0-31.5_1.mp4,./extra_vid/,1,Negative
233,Vlad_1090-1100_1.mp4,./extra_vid2/cut_Vlad/,1,Positive
234,SAW_V_53.0-53.5_0.mp4,./video/,0,Negative
235,Halloween_88.0-88.5_0.mp4,./extra_vid/,0,Negative
236,Vlad_790-800_1.mp4,./extra_vid2/cut_Vlad/,1,Positive
237,pos_hero3901.mp4,./video/,1,Negative
238,pos_hero17501.mp4,./video/,1,Negative
239,SAW_V_25.0-25.5_1_0.mp4,./video/,0,Negative
240,The_Conjuring_90.5-91.0_0.mp4,./video/,0,Negative
241,SAW_V_33.0-33.5_0.mp4,./video/,0,Negative
242,Tom_And_Jerry_15.0-15.5_1.mp4,./video/,1,Negative
243,Family_Guy_1060-1070_1.mp4,./extra_vid2/cut_Vlad/,1,Slight Negative
244,SAW_V_61.5-62.0_0.mp4,./video/,0,Negative
245,Halloween_30.5-31.0_0.mp4,./extra_vid/,0,Negative
246,Family_Guy_890-900_1.mp4,./extra_vid2/cut_Vlad/,1,Slight Negative
247,The_Conjuring_31.0-31.5_1_0.mp4,./video/,0,Negative
248,pos_hero9901.mp4,./video/,1,Negative
249,Family_Guy_280-290_1.mp4,./extra_vid2/cut_Vlad/,1,Slight Negative
250,0some_saw_scene9600.mp4,./video/,0,Negative
251,The_Conjuring_50.0-50.5_1.mp4,./video/,1,Slight Negative
252,Family_Guy_1360-1370_1.mp4,./extra_vid2/cut_Vlad/,1,Slight Negative
253,Tom_And_Jerry_22.5-23.0_1.mp4,./video/,1,Negative
254,The_Conjuring_67.0-67.5_0.mp4,./video/,0,Negative
255,Insidious_14.5-15.0_0.mp4,./video/,0,Negative
256,Tom_And_Jerry_6.0-6.5_1.mp4,./video/,1,Negative
257,Conjuring2_20.0-20.5_0.mp4,./extra_vid/,0,Negative
258,SAW_V_83.0-83.5_0.mp4,./video/,0,Negative
259,Romance_Condor_18.0-18.5_1.mp4,./extra_vid/,1,Negative
260,Family_Guy_2070-2080_1.mp4,./extra_vid2/cut_Vlad/,1,Slight Negative
261,Tom_And_Jerry_19.5-20.0_1.mp4,./video/,1,Negative
262,Family_Guy_530-540_1.mp4,./extra_vid2/cut_Vlad/,1,Slight Negative
263,pos_hero23201.mp4,./video/,1,Negative
264,Conjuring2_21.0-21.5_0.mp4,./extra_vid/,0,Negative
265,pos_hero11601.mp4,./video/,1,Negative
266,Family_Guy_1640-1650_1.mp4,./extra_vid2/cut_Vlad/,1,Slight Negative
267,Conjuring2_10.0-10.5_1.mp4,./extra_vid/,1,Slight Negative
268,Conjuring2_58.5-59.0_0.mp4,./extra_vid/,0,Negative
269,Family_Guy_2360-2370_1.mp4,./extra_vid2/cut_Vlad/,1,Negative
270,Halloween_7.0-7.5_0.mp4,./extra_vid/,0,Negative
271,Tom_And_Jerry_47.5-48.0_1.mp4,./video/,1,Negative
272,Family_Guy_1190-1200_1.mp4,./extra_vid2/cut_Vlad/,1,Slight Negative
273,Family_Guy_2210-2220_1.mp4,./extra_vid2/cut_Vlad/,1,Slight Negative
274,Conjuring2_16.0-16.5_0.mp4,./extra_vid/,0,Negative
275,0some_saw_scene16000.mp4,./video/,0,Negative
276,Family_Guy_540-550_1.mp4,./extra_vid2/cut_Vlad/,1,Positive
277,Conjuring2_79.5-80.0_0.mp4,./extra_vid/,0,Negative
278,0platform_spanish40000.mp4,./video/,0,Negative
279,Conjuring2_94.0-94.5_0.mp4,./extra_vid/,0,Negative
280,Family_Guy_2180-2190_1.mp4,./extra_vid2/cut_Vlad/,1,Slight Negative
281,Tom_And_Jerry_16.5-17.0_1.mp4,./video/,1,Negative
282,Insidious_88.0-88.5_1.mp4,./video/,1,Negative
283,Tom_And_Jerry_83.0-83.5_1.mp4,./video/,1,Slight Negative
284,Insidious_65.5-66.0_0.mp4,./video/,0,Negative
285,SAW_V_75.0-75.5_0.mp4,./video/,0,Negative
286,The_Conjuring_64.5-65.0_0.mp4,./video/,0,Negative
287,Family_Guy_2380-2390_1.mp4,./extra_vid2/cut_Vlad/,1,Slight Negative
288,Tom_And_Jerry_57.0-57.5_1.mp4,./video/,1,Negative
289,SAW_V_23.5-24.0_0.mp4,./video/,0,Negative
290,Conjuring2_119.5-120.0_0.mp4,./extra_vid/,0,Negative
291,Vlad_1000-1010_1.mp4,./extra_vid2/cut_Vlad/,1,Positive
292,Barbie_83.5-84.0_1.mp4,./video/,1,Negative
293,Vlad_710-720_1.mp4,./extra_vid2/cut_Vlad/,1,Slight Negative
294,Vlad_110-120_1.mp4,./extra_vid2/cut_Vlad/,1,Positive
295,0platform_spanish56000.mp4,./video/,0,Negative
296,The_Conjuring_78.5-79.0_1_0.mp4,./video/,0,Negative
297,Family_Guy_2320-2330_1.mp4,./extra_vid2/cut_Vlad/,1,Slight Negative
298,0some_saw_scene5600.mp4,./video/,0,Negative
299,Halloween_31.0-31.5_0.mp4,./extra_vid/,0,Negative
300,Condor_Hero2_31.5-32.0_1.mp4,./extra_vid/,1,Negative
301,Halloween_58.0-58.5_0.mp4,./extra_vid/,0,Negative
302,Vlad_1180-1190_1.mp4,./extra_vid2/cut_Vlad/,1,Slight Negative
303,Insidious_26.5-27.0_0.mp4,./video/,0,Negative
304,Insidious_86.5-87.0_0.mp4,./video/,0,Negative
305,Family_Guy_1480-1490_1.mp4,./extra_vid2/cut_Vlad/,1,Slight Negative
306,Conjuring2_91.0-91.5_0.mp4,./extra_vid/,0,Negative
307,Vlad_480-490_1.mp4,./extra_vid2/cut_Vlad/,1,Positive
308,Vlad_860-870_1.mp4,./extra_vid2/cut_Vlad/,1,Positive
309,Barbie_28.0-28.5_1.mp4,./video/,1,Negative
310,pos_hero23301.mp4,./video/,1,Negative
311,Family_Guy_660-670_1.mp4,./extra_vid2/cut_Vlad/,1,Slight Negative
312,Vlad_920-930_1.mp4,./extra_vid2/cut_Vlad/,1,Positive
313,Family_Guy_960-970_1.mp4,./extra_vid2/cut_Vlad/,1,Slight Negative
314,SAW_V_23.0-23.5_0.mp4,./video/,0,Negative
315,SAW_VI_64.0-64.5_0.mp4,./video/,0,Negative
316,0some_saw_scene10400.mp4,./video/,0,Negative
317,SAW_V_35.5-36.0_0.mp4,./video/,0,Negative
318,0platform_spanish800.mp4,./video/,0,Negative
319,Family_Guy_570-580_1.mp4,./extra_vid2/cut_Vlad/,1,Slight Negative
320,Tom_And_Jerry_37.5-38.0_1.mp4,./video/,1,Negative
321,Conjuring2_116.5-117.0_0.mp4,./extra_vid/,0,Negative
322,Tom_And_Jerry_13.0-13.5_1.mp4,./video/,1,Slight Negative
323,Vlad_670-680_1.mp4,./extra_vid2/cut_Vlad/,1,Positive
324,Barbie_82.5-83.0_1.mp4,./video/,1,Negative
325,Family_Guy_1910-1920_1.mp4,./extra_vid2/cut_Vlad/,1,Slight Negative
326,Vlad_20-30_1.mp4,./extra_vid2/cut_Vlad/,1,Positive
327,Tom_And_Jerry_65.0-65.5_1.mp4,./video/,1,Negative
328,Tom_And_Jerry_89.5-90.0_1.mp4,./video/,1,Slight Negative
329,Family_Guy_850-860_1.mp4,./extra_vid2/cut_Vlad/,1,Slight Negative
330,SAW_V_7.0-7.5_1_0.mp4,./video/,0,Negative
331,Family_Guy_340-350_1.mp4,./extra_vid2/cut_Vlad/,1,Slight Negative
332,Conjuring2_44.0-44.5_0.mp4,./extra_vid/,0,Negative
333,Conjuring2_122.5-123.0_0.mp4,./extra_vid/,0,Negative
334,Barbie_8.0-8.5_1.mp4,./video/,1,Positive
335,Family_Guy_1930-1940_1.mp4,./extra_vid2/cut_Vlad/,1,Slight Negative
336,pos_hero16501.mp4,./video/,1,Negative
337,0platform_spanish112000.mp4,./video/,0,Negative
338,Conjuring2_26.5-27.0_0.mp4,./extra_vid/,0,Negative
339,Family_Guy_1470-1480_1.mp4,./extra_vid2/cut_Vlad/,1,Slight Negative
340,Family_Guy_360-370_1.mp4,./extra_vid2/cut_Vlad/,1,Slight Negative
341,SAW_V_35.0-35.5_0.mp4,./video/,0,Negative
342,Family_Guy_1840-1850_1.mp4,./extra_vid2/cut_Vlad/,1,Slight Negative
343,Family_Guy_620-630_1.mp4,./extra_vid2/cut_Vlad/,1,Slight Negative
344,Vlad_730-740_1.mp4,./extra_vid2/cut_Vlad/,1,Positive
345,Insidious_53.0-53.5_0.mp4,./video/,0,Negative
346,The_Conjuring_26.0-26.5_0.mp4,./video/,0,Negative
347,Family_Guy_990-1000_1.mp4,./extra_vid2/cut_Vlad/,1,Slight Negative
348,Insidious_81.0-81.5_1_0.mp4,./video/,0,Negative
349,Barbie_55.0-55.5_1.mp4,./video/,1,Negative
350,The_Conjuring_39.0-39.5_0.mp4,./video/,0,Negative
351,Family_Guy_2250-2260_1.mp4,./extra_vid2/cut_Vlad/,1,Slight Negative
352,pos_hero20601.mp4,./video/,1,Negative
353,Conjuring2_46.5-47.0_0.mp4,./extra_vid/,0,Negative
354,Family_Guy_1740-1750_1.mp4,./extra_vid2/cut_Vlad/,1,Positive
355,Tom_And_Jerry_39.0-39.5_1.mp4,./video/,1,Negative
356,pos_hero11301.mp4,./video/,1,Negative
357,Insidious_82.5-83.0_1_0.mp4,./video/,0,Negative
358,SAW_VI_64.5-65.0_0.mp4,./video/,0,Negative
359,0platform_spanish16000.mp4,./video/,0,Negative
360,Tom_And_Jerry_43.5-44.0_1.mp4,./video/,1,Negative
361,Tom_And_Jerry_69.0-69.5_1.mp4,./video/,1,Negative
362,Conjuring2_80.0-80.5_0.mp4,./extra_vid/,0,Negative
363,pos_hero17401.mp4,./video/,1,Negative
364,Conjuring2_57.0-57.5_0.mp4,./extra_vid/,0,Negative
365,Insidious_89.5-90.0_1_0.mp4,./video/,0,Negative
366,Halloween_48.0-48.5_0.mp4,./extra_vid/,0,Negative
367,Vlad_190-200_1.mp4,./extra_vid2/cut_Vlad/,1,Positive
368,Family_Guy_980-990_1.mp4,./extra_vid2/cut_Vlad/,1,Slight Negative
369,Vlad_830-840_1.mp4,./extra_vid2/cut_Vlad/,1,Positive
370,Tom_And_Jerry_14.0-14.5_1.mp4,./video/,1,Negative
371,pos_hero15801.mp4,./video/,1,Negative
372,Vlad_410-420_1.mp4,./extra_vid2/cut_Vlad/,1,Slight Negative
373,pos_hero6501.mp4,./video/,1,Negative
374,Insidious_67.5-68.0_0.mp4,./video/,0,Negative
375,Barbie_14.0-14.5_1.mp4,./video/,1,Positive
376,Tom_And_Jerry_32.0-32.5_1.mp4,./video/,1,Slight Negative
377,The_Conjuring_5.5-6.0_1.mp4,./video/,1,Negative
378,Insidious_78.5-79.0_1_0.mp4,./video/,0,Negative
379,Family_Guy_780-790_1.mp4,./extra_vid2/cut_Vlad/,1,Negative
380,Conjuring2_117.5-118.0_0.mp4,./extra_vid/,0,Negative
381,pos_hero15201.mp4,./video/,1,Negative
382,Tom_And_Jerry_45.0-45.5_1.mp4,./video/,1,Negative
383,SAW_V_81.0-81.5_0.mp4,./video/,0,Negative
384,Conjuring2_48.0-48.5_0.mp4,./extra_vid/,0,Negative
385,Tom_And_Jerry_76.5-77.0_1.mp4,./video/,1,Negative
386,Tom_And_Jerry_73.0-73.5_1.mp4,./video/,1,Slight Negative
387,Insidious_81.5-82.0_0.mp4,./video/,0,Negative
388,Halloween_29.5-30.0_0.mp4,./extra_vid/,0,Negative
389,Family_Guy_2200-2210_1.mp4,./extra_vid2/cut_Vlad/,1,Slight Negative
390,SAW_VI_37.5-38.0_0.mp4,./video/,0,Negative
391,pos_hero3701.mp4,./video/,1,Negative
392,Conjuring2_118.0-118.5_0.mp4,./extra_vid/,0,Negative
393,pos_hero19501.mp4,./video/,1,Negative
394,Family_Guy_2040-2050_1.mp4,./extra_vid2/cut_Vlad/,1,Slight Negative
395,pos_hero20801.mp4,./video/,1,Negative
396,SAW_VI_49.0-49.5_1.mp4,./video/,1,Negative
397,SAW_V_82.0-82.5_0.mp4,./video/,0,Negative
398,SAW_V_27.5-28.0_0.mp4,./video/,0,Negative
399,SAW_V_10.5-11.0_0.mp4,./video/,0,Negative
400,The_Conjuring_93.5-94.0_0.mp4,./video/,0,Negative
401,Vlad_1080-1090_1.mp4,./extra_vid2/cut_Vlad/,1,Positive
402,Tom_And_Jerry_6.5-7.0_1.mp4,./video/,1,Negative
403,Halloween_38.5-39.0_0.mp4,./extra_vid/,0,Negative
404,Family_Guy_950-960_1.mp4,./extra_vid2/cut_Vlad/,1,Slight Negative
405,Vlad_850-860_1.mp4,./extra_vid2/cut_Vlad/,1,Positive
406,Vlad_870-880_1.mp4,./extra_vid2/cut_Vlad/,1,Positive
407,Conjuring2_39.0-39.5_0.mp4,./extra_vid/,0,Negative
408,Insidious_79.0-79.5_1_0.mp4,./video/,0,Negative
409,Family_Guy_370-380_1.mp4,./extra_vid2/cut_Vlad/,1,Slight Negative
410,Family_Guy_2190-2200_1.mp4,./extra_vid2/cut_Vlad/,1,Slight Negative
411,Family_Guy_420-430_1.mp4,./extra_vid2/cut_Vlad/,1,Slight Negative
412,pos_hero20501.mp4,./video/,1,Negative
413,SAW_VI_57.5-58.0_0.mp4,./video/,0,Negative
414,Family_Guy_1540-1550_1.mp4,./extra_vid2/cut_Vlad/,1,Slight Negative
415,Tom_And_Jerry_5.0-5.5_1.mp4,./video/,1,Negative
416,Halloween_70.5-71.0_0.mp4,./extra_vid/,0,Negative
417,Family_Guy_1100-1110_1.mp4,./extra_vid2/cut_Vlad/,1,Slight Negative
418,pos_hero14901.mp4,./video/,1,Negative
419,0some_saw_scene000.mp4,./video/,0,Negative
420,Barbie_86.0-86.5_1.mp4,./video/,1,Negative
421,pos_hero19901.mp4,./video/,1,Negative
422,Vlad_70-80_1.mp4,./extra_vid2/cut_Vlad/,1,Positive
423,Tom_And_Jerry_51.5-52.0_1.mp4,./video/,1,Positive
424,Family_Guy_1770-1780_1.mp4,./extra_vid2/cut_Vlad/,1,Slight Negative
425,Tom_And_Jerry_71.5-72.0_1.mp4,./video/,1,Negative
426,Conjuring2_9.0-9.5_1.mp4,./extra_vid/,1,Negative
427,Vlad_1170-1180_1.mp4,./extra_vid2/cut_Vlad/,1,Positive
428,pos_hero19001.mp4,./video/,1,Negative
429,Tom_And_Jerry_88.5-89.0_1.mp4,./video/,1,Negative
430,Insidious_79.5-80.0_1_0.mp4,./video/,0,Negative
431,pos_hero18801.mp4,./video/,1,Negative
432,Family_Guy_2080-2090_1.mp4,./extra_vid2/cut_Vlad/,1,Negative
433,Tom_And_Jerry_33.0-33.5_1.mp4,./video/,1,Slight Negative
434,Family_Guy_1570-1580_1.mp4,./extra_vid2/cut_Vlad/,1,Slight Negative
435,The_Conjuring_91.5-92.0_0.mp4,./video/,0,Negative
436,Family_Guy_1310-1320_1.mp4,./extra_vid2/cut_Vlad/,1,Slight Negative
437,SAW_V_6.0-6.5_0.mp4,./video/,0,Negative
438,Insidious_83.5-84.0_1_0.mp4,./video/,0,Negative
439,Insidious_84.5-85.0_1_0.mp4,./video/,0,Negative
440,Insidious_84.0-84.5_1_0.mp4,./video/,0,Negative
441,Family_Guy_680-690_1.mp4,./extra_vid2/cut_Vlad/,1,Slight Negative
442,0platform_spanish64000.mp4,./video/,0,Negative
443,Barbie_17.0-17.5_1.mp4,./video/,1,Negative
444,Vlad_640-650_1.mp4,./extra_vid2/cut_Vlad/,1,Positive
445,Insidious_53.5-54.0_0.mp4,./video/,0,Negative
446,Tom_And_Jerry_63.0-63.5_1.mp4,./video/,1,Negative
447,SAW_VI_67.5-68.0_0.mp4,./video/,0,Negative
448,Family_Guy_2220-2230_1.mp4,./extra_vid2/cut_Vlad/,1,Negative
449,Family_Guy_440-450_1.mp4,./extra_vid2/cut_Vlad/,1,Slight Negative
450,Halloween_6.5-7.0_0.mp4,./extra_vid/,0,Negative
451,0some_saw_scene4800.mp4,./video/,0,Negative
452,Family_Guy_2260-2270_1.mp4,./extra_vid2/cut_Vlad/,1,Slight Negative
453,SAW_V_22.0-22.5_1_0.mp4,./video/,0,Negative
454,SAW_V_5.5-6.0_0.mp4,./video/,0,Negative
455,Family_Guy_560-570_1.mp4,./extra_vid2/cut_Vlad/,1,Slight Negative
456,Tom_And_Jerry_31.0-31.5_1.mp4,./video/,1,Negative
457,Family_Guy_1670-1680_1.mp4,./extra_vid2/cut_Vlad/,1,Slight Negative
458,Insidious_85.0-85.5_1_0.mp4,./video/,0,Negative
459,Barbie_70.0-70.5_1.mp4,./video/,1,Negative
460,Conjuring2_81.5-82.0_0.mp4,./extra_vid/,0,Negative
461,Family_Guy_490-500_1.mp4,./extra_vid2/cut_Vlad/,1,Slight Negative
462,SAW_V_25.5-26.0_1_0.mp4,./video/,0,Negative
463,SAW_V_6.5-7.0_0.mp4,./video/,0,Negative
464,Family_Guy_2160-2170_1.mp4,./extra_vid2/cut_Vlad/,1,Negative
465,Halloween_92.0-92.5_0.mp4,./extra_vid/,0,Negative
466,Family_Guy_1600-1610_1.mp4,./extra_vid2/cut_Vlad/,1,Slight Negative
467,Vlad_270-280_1.mp4,./extra_vid2/cut_Vlad/,1,Slight Negative
468,Family_Guy_250-260_1.mp4,./extra_vid2/cut_Vlad/,1,Slight Negative
469,Insidious_22.5-23.0_0.mp4,./video/,0,Negative
470,Insidious_35.5-36.0_0.mp4,./video/,0,Negative
471,Condor_Hero2_32.0-32.5_1.mp4,./extra_vid/,1,Negative
472,Vlad_330-340_1.mp4,./extra_vid2/cut_Vlad/,1,Slight Negative
473,Condor_Hero1_20.5-21.0_1.mp4,./extra_vid/,1,Negative
474,SAW_V_27.0-27.5_0.mp4,./video/,0,Negative
475,SAW_V_33.5-34.0_0.mp4,./video/,0,Negative
476,Conjuring2_9.5-10.0_1.mp4,./extra_vid/,1,Negative
477,SAW_VI_38.0-38.5_0.mp4,./video/,0,Negative
478,Barbie_34.0-34.5_1.mp4,./video/,1,Negative
479,The_Conjuring_57.5-58.0_0.mp4,./video/,0,Negative
480,Vlad_280-290_1.mp4,./extra_vid2/cut_Vlad/,1,Negative
481,Family_Guy_940-950_1.mp4,./extra_vid2/cut_Vlad/,1,Slight Negative
482,The_Conjuring_94.0-94.5_0.mp4,./video/,0,Negative
483,Conjuring2_24.0-24.5_0.mp4,./extra_vid/,0,Negative
484,Insidious_64.0-64.5_0.mp4,./video/,0,Negative
485,SAW_VI_56.5-57.0_0.mp4,./video/,0,Negative
486,Tom_And_Jerry_60.0-60.5_1.mp4,./video/,1,Negative
487,Barbie_85.0-85.5_1.mp4,./video/,1,Negative
488,Conjuring2_23.0-23.5_0.mp4,./extra_vid/,0,Negative
489,The_Conjuring_5.0-5.5_1.mp4,./video/,1,Negative
490,Vlad_100-110_1.mp4,./extra_vid2/cut_Vlad/,1,Positive
491,Vlad_1130-1140_1.mp4,./extra_vid2/cut_Vlad/,1,Positive
492,SAW_V_8.0-8.5_0.mp4,./video/,0,Negative
493,SAW_VI_9.0-9.5_1.mp4,./video/,1,Negative
494,Family_Guy_1990-2000_1.mp4,./extra_vid2/cut_Vlad/,1,Negative
495,Family_Guy_970-980_1.mp4,./extra_vid2/cut_Vlad/,1,Negative
496,SAW_V_37.0-37.5_0.mp4,./video/,0,Negative
497,Insidious_91.0-91.5_0.mp4,./video/,0,Negative
498,pos_hero2801.mp4,./video/,1,Negative
499,0some_saw_scene12800.mp4,./video/,0,Negative
500,Halloween_76.0-76.5_0.mp4,./extra_vid/,0,Negative
501,Family_Guy_100-110_1.mp4,./extra_vid2/cut_Vlad/,1,Slight Negative
502,Barbie_60.0-60.5_1.mp4,./video/,1,Negative
503,pos_hero18501.mp4,./video/,1,Negative
504,The_Conjuring_72.5-73.0_0.mp4,./video/,0,Negative
505,Family_Guy_770-780_1.mp4,./extra_vid2/cut_Vlad/,1,Slight Negative
506,Conjuring2_95.0-95.5_0.mp4,./extra_vid/,0,Negative
507,The_Conjuring_31.5-32.0_1_0.mp4,./video/,0,Negative
508,Family_Guy_1350-1360_1.mp4,./extra_vid2/cut_Vlad/,1,Slight Negative
509,Tom_And_Jerry_39.5-40.0_1.mp4,./video/,1,Negative
510,The_Conjuring_87.0-87.5_0.mp4,./video/,0,Negative
511,Family_Guy_30-40_1.mp4,./extra_vid2/cut_Vlad/,1,Slight Negative
512,pos_hero20301.mp4,./video/,1,Negative
513,SAW_V_11.0-11.5_0.mp4,./video/,0,Negative
514,Insidious_41.5-42.0_0.mp4,./video/,0,Negative
515,Insidious_76.0-76.5_1_0.mp4,./video/,0,Negative
516,Tom_And_Jerry_53.5-54.0_1.mp4,./video/,1,Negative
517,SAW_VI_53.0-53.5_0.mp4,./video/,0,Negative
518,Tom_And_Jerry_7.0-7.5_1.mp4,./video/,1,Negative
519,Halloween_86.0-86.5_0.mp4,./extra_vid/,0,Negative
520,Family_Guy_110-120_1.mp4,./extra_vid2/cut_Vlad/,1,Negative
521,0some_saw_scene8000.mp4,./video/,0,Negative
522,Family_Guy_2290-2300_1.mp4,./extra_vid2/cut_Vlad/,1,Negative
523,0some_saw_scene800.mp4,./video/,0,Negative
524,Family_Guy_840-850_1.mp4,./extra_vid2/cut_Vlad/,1,Slight Negative
525,Tom_And_Jerry_47.0-47.5_1.mp4,./video/,1,Negative
526,pos_hero11501.mp4,./video/,1,Negative
527,Conjuring2_5.0-5.5_0.mp4,./extra_vid/,0,Negative
528,Family_Guy_800-810_1.mp4,./extra_vid2/cut_Vlad/,1,Negative
529,Tom_And_Jerry_11.0-11.5_1.mp4,./video/,1,Negative
530,Family_Guy_1510-1520_1.mp4,./extra_vid2/cut_Vlad/,1,Slight Negative
531,Tom_And_Jerry_36.0-36.5_1.mp4,./video/,1,Negative
532,Family_Guy_2020-2030_1.mp4,./extra_vid2/cut_Vlad/,1,Slight Negative
533,Family_Guy_1420-1430_1.mp4,./extra_vid2/cut_Vlad/,1,Negative
534,pos_hero2201.mp4,./video/,1,Negative
535,pos_hero11801.mp4,./video/,1,Negative
536,Barbie_84.0-84.5_1.mp4,./video/,1,Slight Negative
537,Halloween_7.5-8.0_0.mp4,./extra_vid/,0,Negative
538,Conjuring2_35.0-35.5_0.mp4,./extra_vid/,0,Negative
539,Barbie_14.5-15.0_1.mp4,./video/,1,Negative
540,Barbie_67.0-67.5_1.mp4,./video/,1,Negative
541,pos_hero12801.mp4,./video/,1,Negative
542,The_Conjuring_101.5-102.0_0.mp4,./video/,0,Negative
543,Barbie_88.0-88.5_1.mp4,./video/,1,Negative
544,Family_Guy_860-870_1.mp4,./extra_vid2/cut_Vlad/,1,Negative
545,Family_Guy_1260-1270_1.mp4,./extra_vid2/cut_Vlad/,1,Slight Negative
546,The_Conjuring_99.0-99.5_0.mp4,./video/,0,Negative
547,0civil_war120000.mp4,./video/,0,Negative
548,Conjuring2_95.5-96.0_0.mp4,./extra_vid/,0,Negative
549,Halloween_95.0-95.5_0.mp4,./extra_vid/,0,Negative
550,Condor_Hero1_23.0-23.5_1.mp4,./extra_vid/,1,Negative
551,Family_Guy_1080-1090_1.mp4,./extra_vid2/cut_Vlad/,1,Negative
552,The_Conjuring_20.5-21.0_0.mp4,./video/,0,Negative
553,Conjuring2_113.5-114.0_0.mp4,./extra_vid/,0,Negative
554,pos_hero12101.mp4,./video/,1,Negative
555,Tom_And_Jerry_62.5-63.0_1.mp4,./video/,1,Negative
556,Family_Guy_1900-1910_1.mp4,./extra_vid2/cut_Vlad/,1,Slight Negative
557,Family_Guy_1210-1220_1.mp4,./extra_vid2/cut_Vlad/,1,Slight Negative
558,Barbie_8.5-9.0_1.mp4,./video/,1,Positive
559,pos_hero18201.mp4,./video/,1,Negative
560,Insidious_32.0-32.5_0.mp4,./video/,0,Negative
561,Halloween_40.0-40.5_0.mp4,./extra_vid/,0,Negative
562,Tom_And_Jerry_74.5-75.0_1.mp4,./video/,1,Slight Negative
563,The_Conjuring_51.5-52.0_0.mp4,./video/,0,Negative
564,The_Conjuring_80.5-81.0_0.mp4,./video/,0,Negative
565,pos_hero3101.mp4,./video/,1,Negative
566,Tom_And_Jerry_56.0-56.5_1.mp4,./video/,1,Negative
567,Conjuring2_117.0-117.5_0.mp4,./extra_vid/,0,Negative
568,Family_Guy_2140-2150_1.mp4,./extra_vid2/cut_Vlad/,1,Slight Negative
569,Family_Guy_1380-1390_1.mp4,./extra_vid2/cut_Vlad/,1,Negative
570,Family_Guy_2090-2100_1.mp4,./extra_vid2/cut_Vlad/,1,Positive
571,pos_hero16601.mp4,./video/,1,Negative
572,Vlad_600-610_1.mp4,./extra_vid2/cut_Vlad/,1,Positive
573,SAW_V_53.5-54.0_0.mp4,./video/,0,Negative
574,Tom_And_Jerry_50.0-50.5_1.mp4,./video/,1,Slight Negative
575,Family_Guy_1650-1660_1.mp4,./extra_vid2/cut_Vlad/,1,Slight Negative
576,The_Conjuring_17.0-17.5_0.mp4,./video/,0,Negative
577,Family_Guy_810-820_1.mp4,./extra_vid2/cut_Vlad/,1,Slight Negative
578,Family_Guy_1330-1340_1.mp4,./extra_vid2/cut_Vlad/,1,Slight Negative
579,Vlad_1260-1270_1.mp4,./extra_vid2/cut_Vlad/,1,ERROR
580,Conjuring2_97.5-98.0_0.mp4,./extra_vid/,0,Negative
581,Barbie_78.5-79.0_1.mp4,./video/,1,Negative
582,Condor_Hero2_7.5-8.0_1.mp4,./extra_vid/,1,Negative
583,Vlad_150-160_1.mp4,./extra_vid2/cut_Vlad/,1,Positive
584,Tom_And_Jerry_9.5-10.0_1.mp4,./video/,1,Negative
585,Family_Guy_2340-2350_1.mp4,./extra_vid2/cut_Vlad/,1,Slight Negative
586,Family_Guy_2270-2280_1.mp4,./extra_vid2/cut_Vlad/,1,Negative
587,0platform_spanish72000.mp4,./video/,0,Negative
588,Insidious_25.5-26.0_0.mp4,./video/,0,Negative
589,Family_Guy_400-410_1.mp4,./extra_vid2/cut_Vlad/,1,Slight Negative
590,pos_hero11001.mp4,./video/,1,Negative
591,Family_Guy_790-800_1.mp4,./extra_vid2/cut_Vlad/,1,Negative
592,pos_hero11201.mp4,./video/,1,Negative
593,Halloween_39.0-39.5_0.mp4,./extra_vid/,0,Negative
594,SAW_V_39.0-39.5_0.mp4,./video/,0,Negative
595,Family_Guy_2110-2120_1.mp4,./extra_vid2/cut_Vlad/,1,Slight Negative
596,The_Conjuring_83.0-83.5_1.mp4,./video/,1,Negative
597,Barbie_13.0-13.5_1.mp4,./video/,1,Negative
598,Halloween_63.0-63.5_0.mp4,./extra_vid/,0,Negative
599,Insidious_42.0-42.5_0.mp4,./video/,0,Negative
600,Family_Guy_1290-1300_1.mp4,./extra_vid2/cut_Vlad/,1,Slight Negative
601,Family_Guy_1250-1260_1.mp4,./extra_vid2/cut_Vlad/,1,Slight Negative
602,Tom_And_Jerry_84.0-84.5_1.mp4,./video/,1,Negative
603,Family_Guy_2150-2160_1.mp4,./extra_vid2/cut_Vlad/,1,Negative
604,Family_Guy_2010-2020_1.mp4,./extra_vid2/cut_Vlad/,1,Positive
605,Romance_Condor_6.5-7.0_1.mp4,./extra_vid/,1,Slight Negative
606,0platform_spanish104000.mp4,./video/,0,Negative
607,The_Conjuring_40.5-41.0_0.mp4,./video/,0,Negative
608,0some_saw_scene1600.mp4,./video/,0,Negative
609,Barbie_87.5-88.0_1.mp4,./video/,1,Negative
610,Barbie_47.0-47.5_1.mp4,./video/,1,Negative
611,Vlad_460-470_1.mp4,./extra_vid2/cut_Vlad/,1,Positive
612,SAW_VI_19.5-20.0_0.mp4,./video/,0,Negative
613,Barbie_90.0-90.5_1.mp4,./video/,1,Positive
614,Insidious_85.5-86.0_0.mp4,./video/,0,Negative
615,Family_Guy_900-910_1.mp4,./extra_vid2/cut_Vlad/,1,Slight Negative
616,Halloween_58.5-59.0_0.mp4,./extra_vid/,0,Negative
617,pos_hero2601.mp4,./video/,1,Negative
618,pos_hero22301.mp4,./video/,1,Negative
619,Family_Guy_1460-1470_1.mp4,./extra_vid2/cut_Vlad/,1,Slight Negative
620,pos_hero2001.mp4,./video/,1,Negative
621,The_Conjuring_93.0-93.5_0.mp4,./video/,0,Negative
622,Conjuring2_115.0-115.5_0.mp4,./extra_vid/,0,Negative
623,Vlad_750-760_1.mp4,./extra_vid2/cut_Vlad/,1,Positive
624,Conjuring2_15.5-16.0_0.mp4,./extra_vid/,0,Negative
625,SAW_V_80.5-81.0_0.mp4,./video/,0,Negative
626,SAW_V_68.5-69.0_0.mp4,./video/,0,Negative
627,Insidious_56.5-57.0_0.mp4,./video/,0,Negative
628,Vlad_1010-1020_1.mp4,./extra_vid2/cut_Vlad/,1,Slight Negative
629,SAW_VI_52.5-53.0_0.mp4,./video/,0,Negative
630,Insidious_64.5-65.0_0.mp4,./video/,0,Negative
631,Family_Guy_1010-1020_1.mp4,./extra_vid2/cut_Vlad/,1,Negative
632,SAW_V_5.0-5.5_0.mp4,./video/,0,Negative
633,Family_Guy_1960-1970_1.mp4,./extra_vid2/cut_Vlad/,1,Negative
634,Tom_And_Jerry_88.0-88.5_1.mp4,./video/,1,Negative
635,Family_Guy_1440-1450_1.mp4,./extra_vid2/cut_Vlad/,1,Slight Negative
636,Insidious_32.5-33.0_0.mp4,./video/,0,Negative
637,pos_hero12301.mp4,./video/,1,Negative
638,Family_Guy_390-400_1.mp4,./extra_vid2/cut_Vlad/,1,Slight Negative
639,Vlad_810-820_1.mp4,./extra_vid2/cut_Vlad/,1,Positive
640,The_Conjuring_74.0-74.5_0.mp4,./video/,0,Negative
641,Tom_And_Jerry_80.5-81.0_1.mp4,./video/,1,Negative
642,The_Conjuring_78.0-78.5_1_0.mp4,./video/,0,Negative
643,Halloween_39.5-40.0_0.mp4,./extra_vid/,0,Negative
644,Insidious_25.0-25.5_0.mp4,./video/,0,Negative
645,Tom_And_Jerry_55.0-55.5_1.mp4,./video/,1,Negative
646,Barbie_27.5-28.0_1.mp4,./video/,1,Positive
647,pos_hero10001.mp4,./video/,1,Negative
648,Halloween_30.0-30.5_0.mp4,./extra_vid/,0,Negative
649,Halloween_8.0-8.5_0.mp4,./extra_vid/,0,Negative
650,Tom_And_Jerry_72.0-72.5_1.mp4,./video/,1,Slight Negative
651,Barbie_16.0-16.5_1.mp4,./video/,1,Negative
652,The_Conjuring_88.0-88.5_0.mp4,./video/,0,Negative
653,Barbie_54.5-55.0_1.mp4,./video/,1,Negative
654,pos_hero14501.mp4,./video/,1,Negative
655,Family_Guy_330-340_1.mp4,./extra_vid2/cut_Vlad/,1,Slight Negative
656,Vlad_10-20_1.mp4,./extra_vid2/cut_Vlad/,1,Positive
657,Conjuring2_78.5-79.0_0.mp4,./extra_vid/,0,Negative
658,Tom_And_Jerry_87.0-87.5_1.mp4,./video/,1,Negative
659,The_Conjuring_91.0-91.5_0.mp4,./video/,0,Negative
660,0some_saw_scene2400.mp4,./video/,0,Negative
661,Conjuring2_40.0-40.5_0.mp4,./extra_vid/,0,Negative
662,Vlad_80-90_1.mp4,./extra_vid2/cut_Vlad/,1,Slight Negative
663,Tom_And_Jerry_27.0-27.5_1.mp4,./video/,1,Negative
664,SAW_V_32.5-33.0_0.mp4,./video/,0,Negative
665,Tom_And_Jerry_70.5-71.0_1.mp4,./video/,1,Positive
666,SAW_V_36.0-36.5_0.mp4,./video/,0,Negative
667,Vlad_900-910_1.mp4,./extra_vid2/cut_Vlad/,1,Slight Negative
668,Tom_And_Jerry_62.0-62.5_1.mp4,./video/,1,Slight Negative
669,SAW_V_18.0-18.5_0.mp4,./video/,0,Negative
670,Barbie_79.0-79.5_1.mp4,./video/,1,Negative
671,pos_hero17801.mp4,./video/,1,Negative
672,Conjuring2_21.5-22.0_0.mp4,./extra_vid/,0,Negative
673,SAW_V_10.0-10.5_0.mp4,./video/,0,Negative
674,Barbie_63.5-64.0_1.mp4,./video/,1,Negative
675,Family_Guy_1800-1810_1.mp4,./extra_vid2/cut_Vlad/,1,Slight Negative
676,SAW_VI_65.0-65.5_0.mp4,./video/,0,Negative
677,Barbie_24.0-24.5_1.mp4,./video/,1,Negative
678,Barbie_65.0-65.5_1.mp4,./video/,1,Negative
679,SAW_VI_5.0-5.5_0.mp4,./video/,0,Negative
680,Vlad_530-540_1.mp4,./extra_vid2/cut_Vlad/,1,Positive
681,Vlad_1200-1210_1.mp4,./extra_vid2/cut_Vlad/,1,Slight Negative
682,Vlad_940-950_1.mp4,./extra_vid2/cut_Vlad/,1,Positive
683,SAW_VI_40.5-41.0_0.mp4,./video/,0,Negative
684,Condor_Hero2_8.5-9.0_1.mp4,./extra_vid/,1,Negative
685,SAW_V_38.0-38.5_0.mp4,./video/,0,Negative
686,pos_hero19801.mp4,./video/,1,Negative
687,SAW_VI_54.0-54.5_0.mp4,./video/,0,Negative
688,Family_Guy_1090-1100_1.mp4,./extra_vid2/cut_Vlad/,1,Slight Negative
689,pos_hero1901.mp4,./video/,1,Negative
690,Vlad_990-1000_1.mp4,./extra_vid2/cut_Vlad/,1,Positive
691,pos_hero20401.mp4,./video/,1,Negative
692,Family_Guy_1890-1900_1.mp4,./extra_vid2/cut_Vlad/,1,Slight Negative
693,Vlad_660-670_1.mp4,./extra_vid2/cut_Vlad/,1,Positive
694,SAW_V_31.5-32.0_0.mp4,./video/,0,Negative
695,The_Conjuring_67.5-68.0_0.mp4,./video/,0,Negative
696,Family_Guy_1760-1770_1.mp4,./extra_vid2/cut_Vlad/,1,Slight Negative
697,Conjuring2_32.5-33.0_0.mp4,./extra_vid/,0,Negative
698,Condor_Hero1_25.0-25.5_1.mp4,./extra_vid/,1,Negative
699,pos_hero146031.mp4,./video/,1,Negative
700,pos_hero20701.mp4,./video/,1,Negative
701,Halloween_93.5-94.0_0.mp4,./extra_vid/,0,Negative
702,The_Conjuring_33.5-34.0_0.mp4,./video/,0,Slight Negative
703,The_Conjuring_42.5-43.0_0.mp4,./video/,0,Negative
704,Condor_Hero2_23.0-23.5_1.mp4,./extra_vid/,1,Negative
705,Barbie_11.0-11.5_1.mp4,./video/,1,Positive
706,Barbie_58.0-58.5_1.mp4,./video/,1,Positive
707,Insidious_75.0-75.5_0.mp4,./video/,0,Negative
708,Family_Guy_1130-1140_1.mp4,./extra_vid2/cut_Vlad/,1,Slight Negative
709,Vlad_1120-1130_1.mp4,./extra_vid2/cut_Vlad/,1,Negative
710,Family_Guy_1110-1120_1.mp4,./extra_vid2/cut_Vlad/,1,Slight Negative
711,Barbie_69.0-69.5_1.mp4,./video/,1,Slight Negative
712,SAW_VI_55.0-55.5_0.mp4,./video/,0,Negative
713,The_Conjuring_96.5-97.0_0.mp4,./video/,0,Negative
714,Family_Guy_2030-2040_1.mp4,./extra_vid2/cut_Vlad/,1,Slight Negative
715,SAW_VI_55.5-56.0_0.mp4,./video/,0,Negative
716,SAW_V_65.0-65.5_0.mp4,./video/,0,Negative
717,pos_hero22901.mp4,./video/,1,Negative
718,pos_hero18601.mp4,./video/,1,Negative
719,Tom_And_Jerry_30.5-31.0_1.mp4,./video/,1,Negative
720,The_Conjuring_39.5-40.0_0.mp4,./video/,0,Negative
721,Vlad_500-510_1.mp4,./extra_vid2/cut_Vlad/,1,Positive
722,Family_Guy_1430-1440_1.mp4,./extra_vid2/cut_Vlad/,1,Slight Negative
723,Family_Guy_230-240_1.mp4,./extra_vid2/cut_Vlad/,1,Slight Negative
724,SAW_VI_75.0-75.5_0.mp4,./video/,0,Negative
725,Vlad_1020-1030_1.mp4,./extra_vid2/cut_Vlad/,1,Positive
726,Conjuring2_119.0-119.5_0.mp4,./extra_vid/,0,Negative
727,pos_hero16401.mp4,./video/,1,Negative
728,The_Conjuring_12.5-13.0_0.mp4,./video/,0,Negative
729,Insidious_27.5-28.0_0.mp4,./video/,0,Negative
730,Family_Guy_190-200_1.mp4,./extra_vid2/cut_Vlad/,1,Slight Negative
731,Conjuring2_24.5-25.0_0.mp4,./extra_vid/,0,Negative
732,pos_hero17301.mp4,./video/,1,Negative
733,Conjuring2_27.0-27.5_0.mp4,./extra_vid/,0,Negative
734,Vlad_1220-1230_1.mp4,./extra_vid2/cut_Vlad/,1,Slight Negative
735,Insidious_82.0-82.5_1_0.mp4,./video/,0,Negative
736,Tom_And_Jerry_44.5-45.0_1.mp4,./video/,1,Slight Negative
737,Conjuring2_97.0-97.5_0.mp4,./extra_vid/,0,Negative
738,Family_Guy_2310-2320_1.mp4,./extra_vid2/cut_Vlad/,1,Slight Negative
739,0some_saw_scene6400.mp4,./video/,0,Negative
740,The_Conjuring_99.5-100.0_0.mp4,./video/,0,Negative
741,Conjuring2_36.5-37.0_0.mp4,./extra_vid/,0,Negative
742,pos_hero10301.mp4,./video/,1,Negative
743,Halloween_85.5-86.0_0.mp4,./extra_vid/,0,Negative
744,Vlad_230-240_1.mp4,./extra_vid2/cut_Vlad/,1,Positive
745,Conjuring2_37.0-37.5_0.mp4,./extra_vid/,0,Negative
746,pos_hero1201.mp4,./video/,1,Negative
747,Vlad_960-970_1.mp4,./extra_vid2/cut_Vlad/,1,Slight Negative
748,0some_saw_scene14400.mp4,./video/,0,Negative
749,Conjuring2_34.5-35.0_0.mp4,./extra_vid/,0,Negative
750,The_Conjuring_30.5-31.0_1_0.mp4,./video/,0,Negative
751,Conjuring2_22.5-23.0_0.mp4,./extra_vid/,0,Negative
752,Tom_And_Jerry_89.0-89.5_1.mp4,./video/,1,Slight Negative
753,Vlad_470-480_1.mp4,./extra_vid2/cut_Vlad/,1,Positive
754,The_Conjuring_92.0-92.5_0.mp4,./video/,0,Negative
755,Vlad_700-710_1.mp4,./extra_vid2/cut_Vlad/,1,Positive
756,Insidious_65.0-65.5_0.mp4,./video/,0,Negative
757,Barbie_15.0-15.5_1.mp4,./video/,1,Negative
758,SAW_VI_5.5-6.0_0.mp4,./video/,0,Negative
759,The_Conjuring_100.0-100.5_0.mp4,./video/,0,Negative
760,0civil_war60000.mp4,./video/,0,Negative
761,SAW_VI_40.0-40.5_0.mp4,./video/,0,Negative
762,Insidious_68.0-68.5_0.mp4,./video/,0,Negative
763,Vlad_880-890_1.mp4,./extra_vid2/cut_Vlad/,1,Slight Negative
764,Barbie_26.5-27.0_1.mp4,./video/,1,Slight Negative
765,Barbie_5.0-5.5_1.mp4,./video/,1,Positive
766,Conjuring2_5.5-6.0_0.mp4,./extra_vid/,0,Negative
767,Family_Guy_430-440_1.mp4,./extra_vid2/cut_Vlad/,1,Slight Negative
768,Family_Guy_290-300_1.mp4,./extra_vid2/cut_Vlad/,1,Slight Negative
769,Barbie_15.5-16.0_1.mp4,./video/,1,Positive
770,Vlad_320-330_1.mp4,./extra_vid2/cut_Vlad/,1,Positive
771,Family_Guy_1700-1710_1.mp4,./extra_vid2/cut_Vlad/,1,Slight Negative
772,The_Conjuring_30.0-30.5_1_0.mp4,./video/,0,Negative
773,The_Conjuring_43.0-43.5_0.mp4,./video/,0,Negative
774,Halloween_62.5-63.0_0.mp4,./extra_vid/,0,Negative
775,Vlad_580-590_1.mp4,./extra_vid2/cut_Vlad/,1,Slight Negative
776,Barbie_6.5-7.0_1.mp4,./video/,1,Positive
777,Barbie_83.0-83.5_1.mp4,./video/,1,Negative
778,pos_hero23101.mp4,./video/,1,Negative
779,Family_Guy_690-700_1.mp4,./extra_vid2/cut_Vlad/,1,Slight Negative
780,Insidious_21.5-22.0_0.mp4,./video/,0,Negative
781,Tom_And_Jerry_71.0-71.5_1.mp4,./video/,1,Positive
782,Family_Guy_180-190_1.mp4,./extra_vid2/cut_Vlad/,1,Slight Negative
783,Tom_And_Jerry_22.0-22.5_1.mp4,./video/,1,Negative
784,Vlad_240-250_1.mp4,./extra_vid2/cut_Vlad/,1,Slight Negative
785,SAW_VI_26.0-26.5_0.mp4,./video/,0,Negative
786,Insidious_87.5-88.0_1_0.mp4,./video/,0,Negative
787,SAW_VI_39.0-39.5_0.mp4,./video/,0,Negative
788,Insidious_76.5-77.0_1_0.mp4,./video/,0,Negative
789,Condor_Hero1_24.0-24.5_1.mp4,./extra_vid/,1,Negative
790,Conjuring2_115.5-116.0_0.mp4,./extra_vid/,0,Negative
791,0civil_war40000.mp4,./video/,0,Negative
792,SAW_V_63.0-63.5_0.mp4,./video/,0,Negative
793,Romance_Condor_15.5-16.0_1.mp4,./extra_vid/,1,Negative
794,pos_hero14801.mp4,./video/,1,Negative
795,Vlad_1070-1080_1.mp4,./extra_vid2/cut_Vlad/,1,Positive
796,The_Conjuring_32.5-33.0_0.mp4,./video/,0,Negative
797,The_Conjuring_95.5-96.0_0.mp4,./video/,0,Negative
798,SAW_V_26.0-26.5_0.mp4,./video/,0,Negative
799,Conjuring2_26.0-26.5_0.mp4,./extra_vid/,0,Negative
800,Family_Guy_820-830_1.mp4,./extra_vid2/cut_Vlad/,1,Slight Negative
801,Vlad_950-960_1.mp4,./extra_vid2/cut_Vlad/,1,Slight Negative
802,SAW_V_46.5-47.0_0.mp4,./video/,0,Negative
803,Insidious_66.0-66.5_0.mp4,./video/,0,Negative
804,SAW_V_28.5-29.0_0.mp4,./video/,0,Negative
805,SAW_VI_25.0-25.5_0.mp4,./video/,0,Negative
806,Insidious_23.0-23.5_0.mp4,./video/,0,Negative
807,Conjuring2_34.0-34.5_0.mp4,./extra_vid/,0,Slight Negative
808,Tom_And_Jerry_87.5-88.0_1.mp4,./video/,1,Negative
809,Tom_And_Jerry_17.5-18.0_1.mp4,./video/,1,Negative
810,Barbie_89.0-89.5_1.mp4,./video/,1,Positive
811,Barbie_48.0-48.5_1.mp4,./video/,1,Negative
812,Tom_And_Jerry_18.5-19.0_1.mp4,./video/,1,Negative
813,Barbie_68.5-69.0_1.mp4,./video/,1,Slight Negative
814,pos_hero23401.mp4,./video/,1,Negative
815,Condor_Hero1_11.5-12.0_1.mp4,./extra_vid/,1,Negative
816,Insidious_91.5-92.0_0.mp4,./video/,0,Negative
817,The_Conjuring_48.5-49.0_0.mp4,./video/,0,Negative
818,Tom_And_Jerry_72.5-73.0_1.mp4,./video/,1,Positive
819,Conjuring2_35.5-36.0_0.mp4,./extra_vid/,0,Negative
820,Vlad_160-170_1.mp4,./extra_vid2/cut_Vlad/,1,Slight Negative
821,Vlad_1140-1150_1.mp4,./extra_vid2/cut_Vlad/,1,Positive
822,Barbie_90.5-91.0_1.mp4,./video/,1,Positive
823,Halloween_88.5-89.0_0.mp4,./extra_vid/,0,Negative
824,Vlad_780-790_1.mp4,./extra_vid2/cut_Vlad/,1,Positive
825,Insidious_68.5-69.0_0.mp4,./video/,0,Negative
826,Conjuring2_56.5-57.0_0.mp4,./extra_vid/,0,Negative
827,The_Conjuring_73.5-74.0_0.mp4,./video/,0,Negative
828,Vlad_1160-1170_1.mp4,./extra_vid2/cut_Vlad/,1,Positive
829,Family_Guy_70-80_1.mp4,./extra_vid2/cut_Vlad/,1,Slight Negative
830,Condor_Hero2_5.0-5.5_1.mp4,./extra_vid/,1,Negative
831,Insidious_92.0-92.5_0.mp4,./video/,0,Negative
832,Family_Guy_1660-1670_1.mp4,./extra_vid2/cut_Vlad/,1,Slight Negative
833,Family_Guy_1220-1230_1.mp4,./extra_vid2/cut_Vlad/,1,Slight Negative
834,Tom_And_Jerry_10.0-10.5_1.mp4,./video/,1,Negative
835,Family_Guy_730-740_1.mp4,./extra_vid2/cut_Vlad/,1,Slight Negative
836,Conjuring2_7.0-7.5_0.mp4,./extra_vid/,0,Negative
837,The_Conjuring_98.5-99.0_0.mp4,./video/,0,Negative
838,Barbie_10.0-10.5_1.mp4,./video/,1,Negative
839,Insidious_46.5-47.0_0.mp4,./video/,0,Negative
840,Family_Guy_1320-1330_1.mp4,./extra_vid2/cut_Vlad/,1,Slight Negative
841,Condor_Hero1_22.0-22.5_1.mp4,./extra_vid/,1,Negative
842,Family_Guy_2130-2140_1.mp4,./extra_vid2/cut_Vlad/,1,Slight Negative
843,Vlad_1100-1110_1.mp4,./extra_vid2/cut_Vlad/,1,Slight Negative
844,Insidious_90.5-91.0_0.mp4,./video/,0,Negative
845,Barbie_67.5-68.0_1.mp4,./video/,1,Negative
846,SAW_V_85.0-85.5_0.mp4,./video/,0,Negative
847,Halloween_92.5-93.0_0.mp4,./extra_vid/,0,Negative
848,Tom_And_Jerry_46.5-47.0_1.mp4,./video/,1,Slight Negative
849,Family_Guy_1940-1950_1.mp4,./extra_vid2/cut_Vlad/,1,Slight Negative
850,SAW_V_55.0-55.5_0.mp4,./video/,0,Negative
851,pos_hero23701.mp4,./video/,1,Negative
852,Family_Guy_1810-1820_1.mp4,./extra_vid2/cut_Vlad/,1,Slight Negative
853,SAW_VI_56.0-56.5_0.mp4,./video/,0,Negative
854,Conjuring2_45.0-45.5_0.mp4,./extra_vid/,0,Negative
855,0some_saw_scene13600.mp4,./video/,0,Negative
856,Conjuring2_94.5-95.0_0.mp4,./extra_vid/,0,Slight Negative
857,Family_Guy_1550-1560_1.mp4,./extra_vid2/cut_Vlad/,1,Slight Negative
858,pos_hero10601.mp4,./video/,1,Negative
859,Insidious_75.5-76.0_1_0.mp4,./video/,0,Negative
860,Conjuring2_8.5-9.0_1.mp4,./extra_vid/,1,Negative
861,pos_hero20901.mp4,./video/,1,Negative
862,Insidious_86.0-86.5_0.mp4,./video/,0,Negative
863,The_Conjuring_77.0-77.5_0.mp4,./video/,0,Negative
864,Halloween_59.0-59.5_0.mp4,./extra_vid/,0,Negative
865,Insidious_80.5-81.0_1_0.mp4,./video/,0,Negative
866,Family_Guy_1400-1410_1.mp4,./extra_vid2/cut_Vlad/,1,Negative
867,Conjuring2_78.0-78.5_0.mp4,./extra_vid/,0,Negative
868,Barbie_42.0-42.5_1.mp4,./video/,1,Negative
869,Family_Guy_600-610_1.mp4,./extra_vid2/cut_Vlad/,1,Slight Negative
870,Vlad_1060-1070_1.mp4,./extra_vid2/cut_Vlad/,1,Positive
871,Conjuring2_120.5-121.0_0.mp4,./extra_vid/,0,Negative
872,The_Conjuring_11.0-11.5_0.mp4,./video/,0,Negative
873,Barbie_41.5-42.0_1.mp4,./video/,1,Negative
874,Family_Guy_80-90_1.mp4,./extra_vid2/cut_Vlad/,1,Slight Negative
875,SAW_VI_78.0-78.5_0.mp4,./video/,0,Negative
876,Insidious_67.0-67.5_0.mp4,./video/,0,Negative
877,Barbie_6.0-6.5_1.mp4,./video/,1,Positive
878,Condor_Hero1_30.0-30.5_1.mp4,./extra_vid/,1,Negative
879,Family_Guy_670-680_1.mp4,./extra_vid2/cut_Vlad/,1,Slight Negative
880,Family_Guy_200-210_1.mp4,./extra_vid2/cut_Vlad/,1,Slight Negative
881,Family_Guy_1710-1720_1.mp4,./extra_vid2/cut_Vlad/,1,Slight Negative
882,Vlad_520-530_1.mp4,./extra_vid2/cut_Vlad/,1,Positive
883,Halloween_95.5-96.0_0.mp4,./extra_vid/,0,Negative
884,Family_Guy_1140-1150_1.mp4,./extra_vid2/cut_Vlad/,1,Slight Negative
885,Vlad_590-600_1.mp4,./extra_vid2/cut_Vlad/,1,Positive
886,Family_Guy_1270-1280_1.mp4,./extra_vid2/cut_Vlad/,1,Slight Negative
887,Barbie_30.5-31.0_1.mp4,./video/,1,Negative
888,Family_Guy_2230-2240_1.mp4,./extra_vid2/cut_Vlad/,1,Slight Negative
889,Family_Guy_1450-1460_1.mp4,./extra_vid2/cut_Vlad/,1,Slight Negative
890,Halloween_29.0-29.5_0.mp4,./extra_vid/,0,Negative
891,pos_hero11401.mp4,./video/,1,Negative
892,pos_hero9001.mp4,./video/,1,Negative
893,Halloween_40.5-41.0_0.mp4,./extra_vid/,0,Negative
894,Vlad_820-830_1.mp4,./extra_vid2/cut_Vlad/,1,Positive
895,Conjuring2_96.5-97.0_0.mp4,./extra_vid/,0,Negative
896,SAW_V_56.0-56.5_0.mp4,./video/,0,Negative
897,The_Conjuring_98.0-98.5_0.mp4,./video/,0,Negative
898,Family_Guy_880-890_1.mp4,./extra_vid2/cut_Vlad/,1,Slight Negative
899,Vlad_1040-1050_1.mp4,./extra_vid2/cut_Vlad/,1,Negative
900,Condor_Hero2_22.0-22.5_1.mp4,./extra_vid/,1,Negative
901,Condor_Hero2_33.0-33.5_1.mp4,./extra_vid/,1,Negative
902,Romance_Condor_8.5-9.0_1.mp4,./extra_vid/,1,Negative
903,Family_Guy_1390-1400_1.mp4,./extra_vid2/cut_Vlad/,1,Slight Negative
904,Barbie_58.5-59.0_1.mp4,./video/,1,Negative
905,Condor_Hero2_30.5-31.0_1.mp4,./extra_vid/,1,Negative
906,Family_Guy_640-650_1.mp4,./extra_vid2/cut_Vlad/,1,Slight Negative
907,SAW_VI_8.5-9.0_1.mp4,./video/,1,Negative
908,pos_hero1401.mp4,./video/,1,Negative
909,Conjuring2_52.5-53.0_0.mp4,./extra_vid/,0,Negative
910,Barbie_7.0-7.5_1.mp4,./video/,1,Negative
911,Tom_And_Jerry_90.5-91.0_1.mp4,./video/,1,Positive
912,SAW_V_28.0-28.5_0.mp4,./video/,0,Negative
913,Insidious_46.0-46.5_0.mp4,./video/,0,Negative
914,Vlad_1250-1260_1.mp4,./extra_vid2/cut_Vlad/,1,Positive
915,Condor_Hero2_13.0-13.5_1.mp4,./extra_vid/,1,Negative
916,0civil_war0000.mp4,./video/,0,Negative
917,pos_hero19101.mp4,./video/,1,Negative
918,Vlad_300-310_1.mp4,./extra_vid2/cut_Vlad/,1,Slight Negative
919,Family_Guy_410-420_1.mp4,./extra_vid2/cut_Vlad/,1,Slight Negative
920,SAW_V_45.0-45.5_0.mp4,./video/,0,Negative
921,Conjuring2_81.0-81.5_0.mp4,./extra_vid/,0,Negative
922,0platform_spanish8000.mp4,./video/,0,Negative
923,Family_Guy_2060-2070_1.mp4,./extra_vid2/cut_Vlad/,1,Slight Negative
924,Vlad_1190-1200_1.mp4,./extra_vid2/cut_Vlad/,1,Slight Negative
925,pos_hero10401.mp4,./video/,1,Negative
926,Halloween_94.0-94.5_0.mp4,./extra_vid/,0,Negative
927,SAW_V_45.5-46.0_0.mp4,./video/,0,Negative
928,Barbie_13.5-14.0_1.mp4,./video/,1,Positive
929,Barbie_12.5-13.0_1.mp4,./video/,1,Positive
930,Conjuring2_93.0-93.5_0.mp4,./extra_vid/,0,Negative
931,Family_Guy_910-920_1.mp4,./extra_vid2/cut_Vlad/,1,Negative
932,The_Conjuring_96.0-96.5_0.mp4,./video/,0,Negative
933,Barbie_23.5-24.0_1.mp4,./video/,1,Negative
934,Insidious_60.0-60.5_0.mp4,./video/,0,Negative
935,Family_Guy_2390-2400_1.mp4,./extra_vid2/cut_Vlad/,1,Slight Negative
936,Halloween_84.0-84.5_0.mp4,./extra_vid/,0,Negative
937,The_Conjuring_101.0-101.5_0.mp4,./video/,0,Negative
938,Barbie_24.5-25.0_1.mp4,./video/,1,Slight Negative
939,Family_Guy_170-180_1.mp4,./extra_vid2/cut_Vlad/,1,Negative
940,Barbie_63.0-63.5_1.mp4,./video/,1,Negative
941,SAW_V_41.0-41.5_0.mp4,./video/,0,Negative
942,Family_Guy_1580-1590_1.mp4,./extra_vid2/cut_Vlad/,1,Slight Negative
943,Vlad_450-460_1.mp4,./extra_vid2/cut_Vlad/,1,Positive
944,Vlad_260-270_1.mp4,./extra_vid2/cut_Vlad/,1,Positive
945,Barbie_69.5-70.0_1.mp4,./video/,1,Negative
946,Conjuring2_92.5-93.0_0.mp4,./extra_vid/,0,Negative
947,Vlad_740-750_1.mp4,./extra_vid2/cut_Vlad/,1,Positive
948,SAW_V_54.0-54.5_0.mp4,./video/,0,Negative
949,Conjuring2_114.0-114.5_0.mp4,./extra_vid/,0,Negative
950,Barbie_89.5-90.0_1.mp4,./video/,1,Positive
951,Insidious_77.5-78.0_1_0.mp4,./video/,0,Negative
952,0platform_spanish0000.mp4,./video/,0,Negative
953,Family_Guy_1230-1240_1.mp4,./extra_vid2/cut_Vlad/,1,Slight Negative
954,Halloween_93.0-93.5_0.mp4,./extra_vid/,0,Negative
955,The_Conjuring_11.5-12.0_0.mp4,./video/,0,Negative
956,Barbie_16.5-17.0_1.mp4,./video/,1,Slight Negative
957,pos_hero23001.mp4,./video/,1,Negative
958,Barbie_56.0-56.5_1.mp4,./video/,1,Positive
959,Conjuring2_80.5-81.0_0.mp4,./extra_vid/,0,Negative
960,Family_Guy_740-750_1.mp4,./extra_vid2/cut_Vlad/,1,Slight Negative
961,Insidious_9.5-10.0_1_0.mp4,./video/,0,Negative
962,Tom_And_Jerry_91.0-91.5_1.mp4,./video/,1,Positive
963,SAW_VI_54.5-55.0_0.mp4,./video/,0,Negative
964,Conjuring2_25.0-25.5_0.mp4,./extra_vid/,0,Slight Negative
965,Vlad_140-150_1.mp4,./extra_vid2/cut_Vlad/,1,Positive
966,Conjuring2_116.0-116.5_0.mp4,./extra_vid/,0,Negative
967,Insidious_83.0-83.5_0.mp4,./video/,0,Negative
968,Family_Guy_160-170_1.mp4,./extra_vid2/cut_Vlad/,1,Negative
969,pos_hero18301.mp4,./video/,1,Negative
970,The_Conjuring_6.5-7.0_1.mp4,./video/,1,Negative
971,SAW_V_22.5-23.0_0.mp4,./video/,0,Negative
972,pos_hero8401.mp4,./video/,1,Negative
973,Tom_And_Jerry_73.5-74.0_1.mp4,./video/,1,Negative
974,Vlad_430-440_1.mp4,./extra_vid2/cut_Vlad/,1,Positive
975,Tom_And_Jerry_36.5-37.0_1.mp4,./video/,1,Negative
976,Conjuring2_38.0-38.5_0.mp4,./extra_vid/,0,Negative
977,Insidious_88.5-89.0_1_0.mp4,./video/,0,Negative
978,0platform_spanish128000.mp4,./video/,0,Negative
979,Barbie_78.0-78.5_1.mp4,./video/,1,Negative
980,The_Conjuring_92.5-93.0_0.mp4,./video/,0,Negative
981,Vlad_1150-1160_1.mp4,./extra_vid2/cut_Vlad/,1,Positive
982,Tom_And_Jerry_42.5-43.0_1.mp4,./video/,1,Slight Negative
983,Insidious_89.0-89.5_1_0.mp4,./video/,0,Negative
984,Conjuring2_57.5-58.0_0.mp4,./extra_vid/,0,Negative
985,Family_Guy_1530-1540_1.mp4,./extra_vid2/cut_Vlad/,1,Slight Negative
986,Family_Guy_830-840_1.mp4,./extra_vid2/cut_Vlad/,1,Slight Negative
987,Condor_Hero2_7.0-7.5_1.mp4,./extra_vid/,1,Negative
988,SAW_V_46.0-46.5_0.mp4,./video/,0,Negative
989,Tom_And_Jerry_83.5-84.0_1.mp4,./video/,1,Slight Negative
990,Family_Guy_0-10_1.mp4,./extra_vid2/cut_Vlad/,1,Negative
991,Insidious_27.0-27.5_0.mp4,./video/,0,Negative
992,SAW_V_64.5-65.0_0.mp4,./video/,0,Negative
993,Family_Guy_1410-1420_1.mp4,./extra_vid2/cut_Vlad/,1,Negative
994,Condor_Hero2_18.5-19.0_1.mp4,./extra_vid/,1,Negative
995,pos_hero1701.mp4,./video/,1,Negative
996,Vlad_840-850_1.mp4,./extra_vid2/cut_Vlad/,1,Positive
997,Tom_And_Jerry_11.5-12.0_1.mp4,./video/,1,Negative
998,Family_Guy_60-70_1.mp4,./extra_vid2/cut_Vlad/,1,Negative
999,Condor_Hero1_12.5-13.0_1.mp4,./extra_vid/,1,Negative
1000,pos_hero8201.mp4,./video/,1,Negative
1001,Conjuring2_60.5-61.0_0.mp4,./extra_vid/,0,Negative
1002,Vlad_1050-1060_1.mp4,./extra_vid2/cut_Vlad/,1,Negative
1003,Tom_And_Jerry_78.5-79.0_1.mp4,./video/,1,Slight Negative
1004,SAW_V_54.5-55.0_0.mp4,./video/,0,Negative
1005,SAW_V_69.0-69.5_0.mp4,./video/,0,Negative
1006,Family_Guy_1870-1880_1.mp4,./extra_vid2/cut_Vlad/,1,Slight Negative
1007,Tom_And_Jerry_90.0-90.5_1.mp4,./video/,1,Slight Negative
1008,Family_Guy_1750-1760_1.mp4,./extra_vid2/cut_Vlad/,1,Slight Negative
1009,0platform_spanish48000.mp4,./video/,0,Negative
1010,Barbie_42.5-43.0_1.mp4,./video/,1,Negative
1011,SAW_V_69.5-70.0_1_0.mp4,./video/,0,Negative
1012,Tom_And_Jerry_63.5-64.0_1.mp4,./video/,1,Negative
1013,Conjuring2_61.0-61.5_0.mp4,./extra_vid/,0,Negative
1014,0platform_spanish24000.mp4,./video/,0,Negative
1015,The_Conjuring_15.5-16.0_0.mp4,./video/,0,Slight Negative
1016,The_Conjuring_88.5-89.0_0.mp4,./video/,0,Negative
1017,Conjuring2_121.0-121.5_0.mp4,./extra_vid/,0,Negative
1018,Family_Guy_1040-1050_1.mp4,./extra_vid2/cut_Vlad/,1,Slight Negative
1019,Conjuring2_45.5-46.0_0.mp4,./extra_vid/,0,Negative
1020,Tom_And_Jerry_8.0-8.5_1.mp4,./video/,1,Slight Negative
1021,Vlad_610-620_1.mp4,./extra_vid2/cut_Vlad/,1,Positive
1022,Family_Guy_1920-1930_1.mp4,./extra_vid2/cut_Vlad/,1,Negative
1023,Family_Guy_2240-2250_1.mp4,./extra_vid2/cut_Vlad/,1,Slight Negative
1024,Vlad_980-990_1.mp4,./extra_vid2/cut_Vlad/,1,Positive
1025,SAW_VI_63.5-64.0_0.mp4,./video/,0,Negative
1026,Barbie_5.5-6.0_1.mp4,./video/,1,Positive
1027,SAW_V_38.5-39.0_0.mp4,./video/,0,Negative
1028,The_Conjuring_95.0-95.5_0.mp4,./video/,0,Negative
1029,Conjuring2_47.0-47.5_0.mp4,./extra_vid/,0,Negative
1030,Vlad_690-700_1.mp4,./extra_vid2/cut_Vlad/,1,Positive
1031,Romance_Condor_10.0-10.5_1.mp4,./extra_vid/,1,Negative
1032,Vlad_550-560_1.mp4,./extra_vid2/cut_Vlad/,1,Positive
1033,pos_hero20101.mp4,./video/,1,Negative
1034,pos_hero20201.mp4,./video/,1,Negative
1035,pos_hero20001.mp4,./video/,1,Negative
1036,Family_Guy_310-320_1.mp4,./extra_vid2/cut_Vlad/,1,Slight Negative
1037,The_Conjuring_87.5-88.0_0.mp4,./video/,0,Negative
1038,0some_saw_scene17600.mp4,./video/,0,Negative
1039,Vlad_650-660_1.mp4,./extra_vid2/cut_Vlad/,1,Positive
1040,Vlad_130-140_1.mp4,./extra_vid2/cut_Vlad/,1,Positive
1041,Family_Guy_1300-1310_1.mp4,./extra_vid2/cut_Vlad/,1,Slight Negative
1042,Family_Guy_1150-1160_1.mp4,./extra_vid2/cut_Vlad/,1,Slight Negative
1043,Family_Guy_90-100_1.mp4,./extra_vid2/cut_Vlad/,1,Slight Negative
1044,Family_Guy_920-930_1.mp4,./extra_vid2/cut_Vlad/,1,Slight Negative
1045,pos_hero12201.mp4,./video/,1,Negative
1046,Family_Guy_1340-1350_1.mp4,./extra_vid2/cut_Vlad/,1,Slight Negative
1047,The_Conjuring_79.5-80.0_0.mp4,./video/,0,Negative
1048,The_Conjuring_17.5-18.0_0.mp4,./video/,0,Negative
1049,The_Conjuring_82.0-82.5_0.mp4,./video/,0,Negative
1050,Insidious_24.5-25.0_0.mp4,./video/,0,Negative
1051,Barbie_31.0-31.5_1.mp4,./video/,1,Negative
1052,Family_Guy_1120-1130_1.mp4,./extra_vid2/cut_Vlad/,1,Slight Negative
1053,Insidious_90.0-90.5_0.mp4,./video/,0,Negative
1054,Tom_And_Jerry_58.5-59.0_1.mp4,./video/,1,Slight Negative
1055,Vlad_360-370_1.mp4,./extra_vid2/cut_Vlad/,1,Slight Negative
1056,Insidious_80.0-80.5_1_0.mp4,./video/,0,Negative
1057,Vlad_380-390_1.mp4,./extra_vid2/cut_Vlad/,1,Negative
1058,pos_hero14201.mp4,./video/,1,Negative
1059,Conjuring2_22.0-22.5_0.mp4,./extra_vid/,0,Negative
1060,0some_saw_scene16800.mp4,./video/,0,Negative
1061,Family_Guy_130-140_1.mp4,./extra_vid2/cut_Vlad/,1,Slight Negative
1062,SAW_VI_8.0-8.5_1.mp4,./video/,1,Negative
1063,pos_hero6801.mp4,./video/,1,Negative
1064,SAW_V_37.5-38.0_0.mp4,./video/,0,Negative
1065,Tom_And_Jerry_42.0-42.5_1.mp4,./video/,1,Slight Negative
1066,SAW_V_64.0-64.5_0.mp4,./video/,0,Negative
1067,The_Conjuring_29.5-30.0_0.mp4,./video/,0,Negative
1068,SAW_V_34.0-34.5_0.mp4,./video/,0,Negative
1069,Family_Guy_650-660_1.mp4,./extra_vid2/cut_Vlad/,1,Slight Negative
1070,Vlad_540-550_1.mp4,./extra_vid2/cut_Vlad/,1,Positive
1071,SAW_V_9.0-9.5_0.mp4,./video/,0,Negative
1072,Vlad_400-410_1.mp4,./extra_vid2/cut_Vlad/,1,Positive
1073,pos_hero19301.mp4,./video/,1,Negative
1074,SAW_VI_76.0-76.5_0.mp4,./video/,0,Negative
1075,Conjuring2_38.5-39.0_0.mp4,./extra_vid/,0,Negative
1076,Halloween_83.0-83.5_0.mp4,./extra_vid/,0,Negative
1077,Tom_And_Jerry_29.5-30.0_1.mp4,./video/,1,Negative
1078,Tom_And_Jerry_51.0-51.5_1.mp4,./video/,1,Positive
1079,SAW_V_32.0-32.5_0.mp4,./video/,0,Negative
1080,Family_Guy_1520-1530_1.mp4,./extra_vid2/cut_Vlad/,1,Slight Negative
1081,pos_hero13901.mp4,./video/,1,Negative
1082,Family_Guy_520-530_1.mp4,./extra_vid2/cut_Vlad/,1,Slight Negative
1083,Vlad_120-130_1.mp4,./extra_vid2/cut_Vlad/,1,Positive
1084,Tom_And_Jerry_30.0-30.5_1.mp4,./video/,1,Negative
1085,Conjuring2_37.5-38.0_0.mp4,./extra_vid/,0,Negative
1086,Vlad_1030-1040_1.mp4,./extra_vid2/cut_Vlad/,1,Slight Negative
1087,Family_Guy_1490-1500_1.mp4,./extra_vid2/cut_Vlad/,1,Slight Negative
1088,Halloween_83.5-84.0_0.mp4,./extra_vid/,0,Negative
1089,pos_hero7501.mp4,./video/,1,Negative
1090,Conjuring2_121.5-122.0_0.mp4,./extra_vid/,0,Negative
1091,Family_Guy_1820-1830_1.mp4,./extra_vid2/cut_Vlad/,1,Slight Negative
1092,Romance_Condor_29.5-30.0_1.mp4,./extra_vid/,1,Negative
1093,Vlad_290-300_1.mp4,./extra_vid2/cut_Vlad/,1,Positive
1094,Family_Guy_40-50_1.mp4,./extra_vid2/cut_Vlad/,1,Slight Negative
1095,0some_saw_scene18400.mp4,./video/,0,Negative
1096,Family_Guy_270-280_1.mp4,./extra_vid2/cut_Vlad/,1,Slight Negative
1097,Barbie_33.0-33.5_1.mp4,./video/,1,Slight Negative
1098,Conjuring2_56.0-56.5_0.mp4,./extra_vid/,0,Slight Negative
1099,0civil_war80000.mp4,./video/,0,Negative
1100,pos_hero4001.mp4,./video/,1,Negative
1101,Family_Guy_480-490_1.mp4,./extra_vid2/cut_Vlad/,1,Slight Negative
1102,Romance_Condor_6.0-6.5_1.mp4,./extra_vid/,1,Slight Negative
1103,Halloween_87.5-88.0_0.mp4,./extra_vid/,0,Negative
1104,The_Conjuring_68.0-68.5_0.mp4,./video/,0,Negative
1105,SAW_V_17.5-18.0_0.mp4,./video/,0,Negative
1106,Family_Guy_1000-1010_1.mp4,./extra_vid2/cut_Vlad/,1,Slight Negative
1107,SAW_V_40.0-40.5_0.mp4,./video/,0,Negative
1108,The_Conjuring_77.5-78.0_0.mp4,./video/,0,Negative
1109,Family_Guy_260-270_1.mp4,./extra_vid2/cut_Vlad/,1,Slight Negative
1110,Vlad_350-360_1.mp4,./extra_vid2/cut_Vlad/,1,Positive
1111,Vlad_250-260_1.mp4,./extra_vid2/cut_Vlad/,1,Negative
1112,Barbie_54.0-54.5_1.mp4,./video/,1,Negative
1113,SAW_V_81.5-82.0_0.mp4,./video/,0,Negative
1114,Family_Guy_2120-2130_1.mp4,./extra_vid2/cut_Vlad/,1,Slight Negative
1115,The_Conjuring_80.0-80.5_0.mp4,./video/,0,Negative
1116,Family_Guy_1500-1510_1.mp4,./extra_vid2/cut_Vlad/,1,Slight Negative
1117,Family_Guy_150-160_1.mp4,./extra_vid2/cut_Vlad/,1,Negative
1118,Vlad_910-920_1.mp4,./extra_vid2/cut_Vlad/,1,Positive
1119,Vlad_60-70_1.mp4,./extra_vid2/cut_Vlad/,1,Positive
1120,SAW_V_39.5-40.0_0.mp4,./video/,0,Negative
1121,Family_Guy_500-510_1.mp4,./extra_vid2/cut_Vlad/,1,Slight Negative
1122,Family_Guy_120-130_1.mp4,./extra_vid2/cut_Vlad/,1,Negative
1123,Barbie_12.0-12.5_1.mp4,./video/,1,Positive
1124,The_Conjuring_22.0-22.5_1_0.mp4,./video/,0,Negative
1125,SAW_V_63.5-64.0_0.mp4,./video/,0,Negative
1126,Family_Guy_1720-1730_1.mp4,./extra_vid2/cut_Vlad/,1,Slight Negative
1127,Vlad_490-500_1.mp4,./extra_vid2/cut_Vlad/,1,Positive
1128,pos_hero5901.mp4,./video/,1,Negative
1129,SAW_VI_65.5-66.0_0.mp4,./video/,0,Negative
1130,Halloween_85.0-85.5_0.mp4,./extra_vid/,0,Negative
1131,Tom_And_Jerry_23.0-23.5_1.mp4,./video/,1,Negative
1132,pos_hero19201.mp4,./video/,1,Negative
1133,Insidious_22.0-22.5_0.mp4,./video/,0,Negative
1134,Family_Guy_2400-2410_1.mp4,./extra_vid2/cut_Vlad/,1,ERROR
1135,Insidious_28.5-29.0_0.mp4,./video/,0,Negative
1136,pos_hero13401.mp4,./video/,1,Negative
1137,Condor_Hero2_16.5-17.0_1.mp4,./extra_vid/,1,Negative
1138,Family_Guy_1850-1860_1.mp4,./extra_vid2/cut_Vlad/,1,Negative
1139,Conjuring2_92.0-92.5_0.mp4,./extra_vid/,0,Negative
1140,The_Conjuring_22.5-23.0_1_0.mp4,./video/,0,Negative
1141,Tom_And_Jerry_34.5-35.0_1.mp4,./video/,1,Negative
1142,Family_Guy_1610-1620_1.mp4,./extra_vid2/cut_Vlad/,1,Negative
1143,Vlad_390-400_1.mp4,./extra_vid2/cut_Vlad/,1,Positive
1144,Halloween_87.0-87.5_0.mp4,./extra_vid/,0,Negative
1145,pos_hero16901.mp4,./video/,1,Slight Negative
1146,The_Conjuring_40.0-40.5_0.mp4,./video/,0,Negative
1147,pos_hero10701.mp4,./video/,1,Negative
1148,SAW_V_40.5-41.0_0.mp4,./video/,0,Negative
1149,Halloween_62.0-62.5_0.mp4,./extra_vid/,0,Negative
1150,pos_hero14301.mp4,./video/,1,Negative
1151,Vlad_170-180_1.mp4,./extra_vid2/cut_Vlad/,1,Positive
1152,SAW_VI_66.5-67.0_0.mp4,./video/,0,Negative
1153,SAW_V_36.5-37.0_0.mp4,./video/,0,Negative
1154,pos_hero10101.mp4,./video/,1,Negative
1155,Family_Guy_760-770_1.mp4,./extra_vid2/cut_Vlad/,1,Negative
1156,Conjuring2_79.0-79.5_0.mp4,./extra_vid/,0,Negative
1157,pos_hero16001.mp4,./video/,1,Negative
1158,Romance_Condor_23.5-24.0_1.mp4,./extra_vid/,1,Negative
1159,Tom_And_Jerry_86.5-87.0_1.mp4,./video/,1,Negative
1160,Vlad_510-520_1.mp4,./extra_vid2/cut_Vlad/,1,Positive
1161,Family_Guy_1560-1570_1.mp4,./extra_vid2/cut_Vlad/,1,Slight Negative
1162,0some_saw_scene4000.mp4,./video/,0,Negative
1163,Family_Guy_470-480_1.mp4,./extra_vid2/cut_Vlad/,1,Negative
1164,SAW_V_62.0-62.5_0.mp4,./video/,0,Negative
1165,Tom_And_Jerry_75.5-76.0_1.mp4,./video/,1,Negative
